source_path,size,branch,git_path,blob,decision,redacted_lines
C:\1212\la-taba-mp-cutover-audit.mjs,1640,handoff/notebook-20261003-external-backend-qa,docs/handoff/notebook-20261003/external/backend-qa/0000-la-taba-mp-cutover-audit.mjs,3499e1546463e9506f48b69577d4bd6e6eb136df,preserve,
C:\1212\la-taba-mp-cutover-classify.mjs,4443,handoff/notebook-20261003-external-backend-qa,docs/handoff/notebook-20261003/external/backend-qa/0001-la-taba-mp-cutover-classify.mjs,b1d0f527bc965fdf4016d7eee81532e0e623d20e,preserve,
C:\1212\la-taba-mp-cutover-db.mjs,552,handoff/notebook-20261003-external-backend-qa,docs/handoff/notebook-20261003/external/backend-qa/0002-la-taba-mp-cutover-db.mjs,f4f67d12f7acd23122fa8b442c1df0e5a4b993c3,preserve,
C:\1212\la-taba-mp-cutover-orders.mjs,1490,handoff/notebook-20261003-external-backend-qa,docs/handoff/notebook-20261003/external/backend-qa/0003-la-taba-mp-cutover-orders.mjs,228f07615ffc6ac94ee6ce09eeea65f0c5d13145,preserve,
C:\1212\la-taba-mp-cutover-provider.mjs,3137,handoff/notebook-20261003-external-backend-qa,docs/handoff/notebook-20261003/external/backend-qa/0004-la-taba-mp-cutover-provider.mjs,8039d943f1252f94933cc0f4b4c6d87ee70529cd,preserve,
C:\1212\la-taba-mp-final-state.mjs,1172,handoff/notebook-20261003-external-backend-qa,docs/handoff/notebook-20261003/external/backend-qa/0005-la-taba-mp-final-state.mjs,187bbe504d7e6732251aa57522acb71faf772d46,preserve,
C:\1212\la-taba-mp-mcp-client.mjs,1117,handoff/notebook-20261003-external-backend-qa,docs/handoff/notebook-20261003/external/backend-qa/0006-la-taba-mp-mcp-client.mjs,50d936dda1344061455a777c940ffb3776df1f65,preserve,
C:\1212\la-taba-mp-oauth-server-smoke.mjs,4696,handoff/notebook-20261003-external-backend-qa,docs/handoff/notebook-20261003/external/backend-qa/0007-la-taba-mp-oauth-server-smoke.mjs,ba11338b9e2fe90bacbdfbeee92d6c814c00dafe,preserve,
C:\1212\la-taba-mp-private-store.mjs,1281,handoff/notebook-20261003-external-backend-qa,docs/handoff/notebook-20261003/external/backend-qa/0008-la-taba-mp-private-store.mjs,4441f583b56e2b5dcecfb21002a5bcc01ba8ef0c,preserve,
C:\1212\la-taba-mp-quality-checklist.md,52408,handoff/notebook-20261003-external-backend-qa,docs/handoff/notebook-20261003/external/backend-qa/0009-la-taba-mp-quality-checklist.md,2e1dca1c9b1cee3e6ddcfbeb6fceff829058f622,preserve,
C:\1212\la-taba-prewalter-live-gate.mjs,9902,handoff/notebook-20261003-external-backend-qa,docs/handoff/notebook-20261003/external/backend-qa/0011-la-taba-prewalter-live-gate.mjs,bbbe6de790c498cffeb6e15a6c9323bf9edb956f,preserve,
C:\1212\la-taba-walter-final-verify.mjs,7361,handoff/notebook-20261003-external-qa-evidence,docs/handoff/notebook-20261003/external/qa-evidence/0012-la-taba-walter-final-verify.mjs,4f624fb5b9a0b2521b46b47ba787ef56aafbb491,preserve,
C:\1212\la-taba-walter-live-browser.mjs,6240,handoff/notebook-20261003-external-qa-evidence,docs/handoff/notebook-20261003/external/qa-evidence/0013-la-taba-walter-live-browser.mjs,f12b7dd7c1a3636c113a1340c7545a0cdadfb3b6,preserve,
C:\1212\la-taba-walter-log-check.mjs,818,handoff/notebook-20261003-external-qa-evidence,docs/handoff/notebook-20261003/external/qa-evidence/0014-la-taba-walter-log-check.mjs,e609efe3927002c2950dbb0ea8a44229c5860688,preserve,
C:\1212\la-taba-walter-signature-check.mjs,1366,handoff/notebook-20261003-external-qa-evidence,docs/handoff/notebook-20261003/external/qa-evidence/0017-la-taba-walter-signature-check.mjs,ccf4897e879dc756347bb85d479fab9a15d1910e,preserve,
C:\1212\artifacts\la-taba-arca-readiness\ACCOUNTANT_CHECKLIST.md,798,handoff/notebook-20261003-external-business-fiscal,docs/handoff/notebook-20261003/external/business-fiscal/0018-ACCOUNTANT_CHECKLIST.md,13b85aa3567ceb5dd4dfdfab41a1dd9d55757ae9,preserve,
C:\1212\artifacts\la-taba-arca-readiness\CERTIFICATE_VALIDATION.md,863,handoff/notebook-20261003-external-business-fiscal,docs/handoff/notebook-20261003/external/business-fiscal/0019-CERTIFICATE_VALIDATION.md,9bcffa2b97e2cc159f62641a1a31b12fe1338ead,preserve,
C:\1212\artifacts\la-taba-arca-readiness\CREDENTIAL_CHECKLIST.md,801,handoff/notebook-20261003-external-business-fiscal,docs/handoff/notebook-20261003/external/business-fiscal/0020-CREDENTIAL_CHECKLIST.md,5a8c118de8de3603158a216b59a7be76692ac368,preserve,
C:\1212\artifacts\la-taba-arca-readiness\CURRENT_ARCHITECTURE.md,1095,handoff/notebook-20261003-external-business-fiscal,docs/handoff/notebook-20261003/external/business-fiscal/0021-CURRENT_ARCHITECTURE.md,ea5839847e9e69d42ff537141ed8bd7519e8fe3c,preserve,
C:\1212\artifacts\la-taba-arca-readiness\FINAL_READINESS.md,715,handoff/notebook-20261003-external-business-fiscal,docs/handoff/notebook-20261003/external/business-fiscal/0022-FINAL_READINESS.md,1663e9109bae4c8519487ac856f1641a2f32efb3,preserve,
C:\1212\artifacts\la-taba-arca-readiness\HOMOLOGATION_PLAN.md,765,handoff/notebook-20261003-external-business-fiscal,docs/handoff/notebook-20261003/external/business-fiscal/0023-HOMOLOGATION_PLAN.md,994491b7608e21f90ae5e130997c25293eb63b72,preserve,
C:\1212\artifacts\la-taba-arca-readiness\MERCADOPAGO_FISCAL_CONTRACT.md,643,handoff/notebook-20261003-external-business-fiscal,docs/handoff/notebook-20261003/external/business-fiscal/0024-MERCADOPAGO_FISCAL_CONTRACT.md,ba73bc4b9bb1c31de049ddccb4daf845245ce116,preserve,
C:\1212\artifacts\la-taba-arca-readiness\SECURITY_REVIEW.md,835,handoff/notebook-20261003-external-business-fiscal,docs/handoff/notebook-20261003/external/business-fiscal/0025-SECURITY_REVIEW.md,668d88db8a3cce30d9811cfcca33390c20dbadd9,preserve,
C:\1212\artifacts\la-taba-arca-readiness\WSASS_MANUAL_STEPS.md,723,handoff/notebook-20261003-external-business-fiscal,docs/handoff/notebook-20261003/external/business-fiscal/0026-WSASS_MANUAL_STEPS.md,a6a156085872f47c9cc97e9481b3beeab0a711f5,preserve,
C:\1212\artifacts\la-taba-business-intake\AUDIT.md,10240,handoff/notebook-20261003-external-business-fiscal,docs/handoff/notebook-20261003/external/business-fiscal/0027-AUDIT.md,a316d09dbc8df35fb1e22085878ccceae263d2e1,preserve,
C:\1212\artifacts\la-taba-business-intake\CLEANUP_VERIFICATION.md,1579,handoff/notebook-20261003-external-business-fiscal,docs/handoff/notebook-20261003/external/business-fiscal/0028-CLEANUP_VERIFICATION.md,eea3b99dcb2cbb842bbc561c18872418f220d3c2,preserve,
C:\1212\artifacts\la-taba-business-intake\RELIABILITY_MATRIX.md,4044,handoff/notebook-20261003-external-business-fiscal,docs/handoff/notebook-20261003/external/business-fiscal/0029-RELIABILITY_MATRIX.md,5f2069b3244600090900610a9de57918fcf7c30f,preserve,
C:\1212\artifacts\la-taba-business-intake\STAFF_LOGIN_VERIFICATION.md,1131,handoff/notebook-20261003-external-business-fiscal,docs/handoff/notebook-20261003/external/business-fiscal/0030-STAFF_LOGIN_VERIFICATION.md,49750a88ff4269650dd9162936e831204633670a,preserve,
C:\1212\artifacts\la-taba-business-intake\STAGING_SMOKE.md,3784,handoff/notebook-20261003-external-business-fiscal,docs/handoff/notebook-20261003/external/business-fiscal/0031-STAGING_SMOKE.md,53d6136e5a7bac7c5c2af7f5a5941658a2082b04,preserve,
C:\1212\artifacts\la-taba-business-intake\STAGING_SMOKE_FINAL.md,2225,handoff/notebook-20261003-external-business-fiscal,docs/handoff/notebook-20261003/external/business-fiscal/0032-STAGING_SMOKE_FINAL.md,748286cc1516db22f6551a17c13ef5a157cd8e92,preserve,
C:\1212\artifacts\la-taba-business-intake\TEST_RESULTS.md,2375,handoff/notebook-20261003-external-business-fiscal,docs/handoff/notebook-20261003/external/business-fiscal/0033-TEST_RESULTS.md,b641d50b19b180e4c269fefd4d6202556a1a8611,preserve,
C:\1212\artifacts\la-taba-business-synthetic-certification\cleanup.md,564,handoff/notebook-20261003-external-business-fiscal,docs/handoff/notebook-20261003/external/business-fiscal/0034-cleanup.md,b802013f72bf7813b33318773fd918185e50a875,preserve,
C:\1212\artifacts\la-taba-business-synthetic-certification\gates.md,3034,handoff/notebook-20261003-external-business-fiscal,docs/handoff/notebook-20261003/external/business-fiscal/0035-gates.md,99d0c8cc40ebfbed28e740f068e2b914d71c48cf,preserve,
C:\1212\artifacts\la-taba-business-synthetic-certification\matriz.md,7895,handoff/notebook-20261003-external-business-fiscal,docs/handoff/notebook-20261003/external/business-fiscal/0036-matriz.md,cd417b3f0038219d1a1d44c27e9097d0b1780098,preserve,
C:\1212\artifacts\la-taba-business-synthetic-certification\capturas\CAPTURAS.md,576,handoff/notebook-20261003-external-business-fiscal,docs/handoff/notebook-20261003/external/business-fiscal/0037-CAPTURAS.md,86754892e073dffff0f11f826a9497143b21ae5b,preserve,
C:\1212\artifacts\la-taba-commercial-catalog-research\CATALOG_BOARD.html,10387,handoff/notebook-20261003-external-catalog-frontend,docs/handoff/notebook-20261003/external/catalog-frontend/0038-CATALOG_BOARD.html,55a53cb20afa2bba774a9422db288065913972d5,preserve,
C:\1212\artifacts\la-taba-commercial-catalog-research\IMPORT_READINESS.md,2699,handoff/notebook-20261003-external-catalog-frontend,docs/handoff/notebook-20261003/external/catalog-frontend/0039-IMPORT_READINESS.md,4b6cc637a20b3ac1a4f90e860cbf8e22f3fe7a75,preserve,
C:\1212\artifacts\la-taba-commercial-catalog-research\RESEARCH_REPORT.md,8090,handoff/notebook-20261003-external-catalog-frontend,docs/handoff/notebook-20261003/external/catalog-frontend/0040-RESEARCH_REPORT.md,d16356e16a3c4e2ff2f0c89f8508a0cccb8e2bc6,preserve,
C:\1212\artifacts\la-taba-commercial-catalog-research\RIGHTS_AND_RISKS.md,3022,handoff/notebook-20261003-external-catalog-frontend,docs/handoff/notebook-20261003/external/catalog-frontend/0041-RIGHTS_AND_RISKS.md,273f4a677f26c084ada0b36b9cb1337f7d3d5d67,preserve,
C:\1212\artifacts\la-taba-commercial-catalog-research\VALIDATION_RESULTS.md,1432,handoff/notebook-20261003-external-catalog-frontend,docs/handoff/notebook-20261003/external/catalog-frontend/0042-VALIDATION_RESULTS.md,b0d8d605a76535554b91c0d9131ca2af9aafc29a,preserve,
C:\1212\artifacts\la-taba-mercadopago-staging\CLEANUP_VERIFICATION.md,692,handoff/notebook-20261003-external-backend-qa,docs/handoff/notebook-20261003/external/backend-qa/0043-CLEANUP_VERIFICATION.md,18ad770845a2e601f3605984b6f0c9adef9ff748,preserve,
C:\1212\artifacts\la-taba-mercadopago-staging\CROSS_BROWSER_RESULTS.md,4658,handoff/notebook-20261003-external-backend-qa,docs/handoff/notebook-20261003/external/backend-qa/0044-CROSS_BROWSER_RESULTS.md,011549901d410863c101453da295ed812c737e0d,preserve,
C:\1212\artifacts\la-taba-mercadopago-staging\DISPUTE_RESULTS.md,494,handoff/notebook-20261003-external-backend-qa,docs/handoff/notebook-20261003/external/backend-qa/0045-DISPUTE_RESULTS.md,1a3ad1fd805793e37906d1ae03af44b53e8b1eb4,preserve,
C:\1212\artifacts\la-taba-mercadopago-staging\EXACTLY_ONCE_RESULTS.md,1048,handoff/notebook-20261003-external-backend-qa,docs/handoff/notebook-20261003/external/backend-qa/0046-EXACTLY_ONCE_RESULTS.md,ef8f31ac97fadfafc4c8b16c12d3b823ddb36659,preserve,
C:\1212\artifacts\la-taba-mercadopago-staging\FINAL_CERTIFICATION.md,1167,handoff/notebook-20261003-external-backend-qa,docs/handoff/notebook-20261003/external/backend-qa/0047-FINAL_CERTIFICATION.md,00173f04cd7b29ae1c9b096eb9aae57f507fb2a2,preserve,
C:\1212\artifacts\la-taba-mercadopago-staging\FISCAL_CONTRACT_REGRESSION.md,555,handoff/notebook-20261003-external-business-fiscal,docs/handoff/notebook-20261003/external/business-fiscal/0048-FISCAL_CONTRACT_REGRESSION.md,289837955bb8cfa7a0e3ff45a7c703b7726b337b,preserve,
C:\1212\artifacts\la-taba-mercadopago-staging\INTEGRATION_SNAPSHOT.md,13900,handoff/notebook-20261003-external-backend-qa,docs/handoff/notebook-20261003/external/backend-qa/0049-INTEGRATION_SNAPSHOT.md,81fed51593411d9bfc6c75a6d258f626f7ed3246,preserve,
C:\1212\artifacts\la-taba-mercadopago-staging\MERCADOPAGO_APPLICATION.md,2195,handoff/notebook-20261003-external-backend-qa,docs/handoff/notebook-20261003/external/backend-qa/0050-MERCADOPAGO_APPLICATION.md,6aa93e16d997c89c0e7d86412dfb60e46d54497d,preserve,
C:\1212\artifacts\la-taba-mercadopago-staging\PAYMENT_TEST_MATRIX.md,1252,handoff/notebook-20261003-external-backend-qa,docs/handoff/notebook-20261003/external/backend-qa/0051-PAYMENT_TEST_MATRIX.md,af9c8921c243afa3c6d31da25b24912b0cd5b579,preserve,
C:\1212\artifacts\la-taba-mercadopago-staging\PERFORMANCE_RESULTS.md,453,handoff/notebook-20261003-external-backend-qa,docs/handoff/notebook-20261003/external/backend-qa/0052-PERFORMANCE_RESULTS.md,9f8960f670cd64db38121eed32b387b2202ce8e3,preserve,
C:\1212\artifacts\la-taba-mercadopago-staging\REFUND_RESULTS.md,639,handoff/notebook-20261003-external-backend-qa,docs/handoff/notebook-20261003/external/backend-qa/0053-REFUND_RESULTS.md,4cf89e6d4401c18b9a89603a9b1407527b05c4c7,preserve,
C:\1212\artifacts\la-taba-mercadopago-staging\REMOTE_MIGRATION_PLAN.md,8468,handoff/notebook-20261003-external-backend-qa,docs/handoff/notebook-20261003/external/backend-qa/0054-REMOTE_MIGRATION_PLAN.md,00f28b8cb41a3501ce448bb03c3ce4afd1e7368b,preserve,
C:\1212\artifacts\la-taba-mercadopago-staging\RIDER_REGRESSION.md,741,handoff/notebook-20261003-external-rider,docs/handoff/notebook-20261003/external/rider/0055-RIDER_REGRESSION.md,c96759905c0d4e315e7c43f8c25308261645c52b,preserve,
C:\1212\artifacts\la-taba-mercadopago-staging\STAGING_DEPLOYMENT.md,1888,handoff/notebook-20261003-external-backend-qa,docs/handoff/notebook-20261003/external/backend-qa/0056-STAGING_DEPLOYMENT.md,51ddb2dd2521fba1cc686ffaa9307676172af9ca,preserve,
C:\1212\artifacts\la-taba-mercadopago-staging\TEST_CREDENTIAL_STATUS.md,2080,handoff/notebook-20261003-external-backend-qa,docs/handoff/notebook-20261003/external/backend-qa/0057-TEST_CREDENTIAL_STATUS.md,8009aed46fcd5ce28f779ddbb851aa5207ca15a2,preserve,
C:\1212\artifacts\la-taba-mercadopago-staging\WEBHOOK_CONFIGURATION.md,885,handoff/notebook-20261003-external-backend-qa,docs/handoff/notebook-20261003/external/backend-qa/0058-WEBHOOK_CONFIGURATION.md,3d4314ec6f4da15a8fadd0b7f34fce1a402ff738,preserve,
C:\1212\artifacts\la-taba-mercadopago-staging\WEBHOOK_SIGNATURE_RESULTS.md,808,handoff/notebook-20261003-external-backend-qa,docs/handoff/notebook-20261003/external/backend-qa/0059-WEBHOOK_SIGNATURE_RESULTS.md,ab1fcecc2654b4e7ad00c0c7b31aafa5ebc48762,preserve,
C:\1212\artifacts\la-taba-operational-usability\DAILY_OPERATION_MAP.md,6500,handoff/notebook-20261003-external-qa-evidence,docs/handoff/notebook-20261003/external/qa-evidence/0060-DAILY_OPERATION_MAP.md,831034a44187bf7914f989928f9a6f4820c70c99,preserve,
C:\1212\artifacts\la-taba-operational-usability\ERROR_RECOVERY_MATRIX.md,6562,handoff/notebook-20261003-external-qa-evidence,docs/handoff/notebook-20261003/external/qa-evidence/0061-ERROR_RECOVERY_MATRIX.md,7a6baa2450479ad7aaed2e7db1c41057dd7f1622,preserve,
C:\1212\artifacts\la-taba-operational-usability\FINAL_AUDIT.md,3943,handoff/notebook-20261003-external-qa-evidence,docs/handoff/notebook-20261003/external/qa-evidence/0062-FINAL_AUDIT.md,26201aafbc3cf63402795cb823a05e33af350dec,preserve,
C:\1212\artifacts\la-taba-operational-usability\FIRST_DAY_SETUP.md,4570,handoff/notebook-20261003-external-qa-evidence,docs/handoff/notebook-20261003/external/qa-evidence/0063-FIRST_DAY_SETUP.md,5c69558853b8bfb1cf84560666b8684a1f8cb775,preserve,
C:\1212\artifacts\la-taba-operational-usability\NOVICE_USER_TEST_PLAN.md,4556,handoff/notebook-20261003-external-qa-evidence,docs/handoff/notebook-20261003/external/qa-evidence/0064-NOVICE_USER_TEST_PLAN.md,ed22dd3eaff24a0330451d1047aac16fe1a0ba1c,preserve,
C:\1212\artifacts\la-taba-operational-usability\P0_USABILITY_BACKLOG.md,5716,handoff/notebook-20261003-external-qa-evidence,docs/handoff/notebook-20261003/external/qa-evidence/0065-P0_USABILITY_BACKLOG.md,ef3f68fccd6768e52beb8d9be244c1a27efdea49,preserve,
C:\1212\artifacts\la-taba-operational-usability\USABILITY_BASELINE.md,7805,handoff/notebook-20261003-external-qa-evidence,docs/handoff/notebook-20261003/external/qa-evidence/0066-USABILITY_BASELINE.md,ba9cd2d2ce61775f1cb01c1c8c5d78e6853d5f3e,preserve,
C:\1212\artifacts\la-taba-production-readiness\RELEASE_MANIFEST.md,23392,handoff/notebook-20261003-external-backend-qa,docs/handoff/notebook-20261003/external/backend-qa/0067-RELEASE_MANIFEST.md,044228c15dad92f63b489cee8d5570cbd48c59dd,preserve,
C:\1212\artifacts\la-taba-redesign-mobile-v2\validation-report.md,1962,handoff/notebook-20261003-external-catalog-frontend,docs/handoff/notebook-20261003/external/catalog-frontend/0068-validation-report.md,8f601cc39449cb3aabfde9c72ee91f376bbcac81,preserve,
C:\1212\artifacts\la-taba-redesign-recovery\E2E_CERTIFICATION.md,2515,handoff/notebook-20261003-external-catalog-frontend,docs/handoff/notebook-20261003/external/catalog-frontend/0069-E2E_CERTIFICATION.md,4fdfa128b9a34f8438fa05c777617c413ba17059,preserve,
C:\1212\artifacts\la-taba-redesign-recovery\RECOVERY_AUDIT.md,4447,handoff/notebook-20261003-external-catalog-frontend,docs/handoff/notebook-20261003/external/catalog-frontend/0070-RECOVERY_AUDIT.md,dc32c87f725a0a6f8c00673d8e4baa1eab039796,preserve,
C:\1212\artifacts\la-taba-redesign-recovery\VISUAL_REVIEW.md,1767,handoff/notebook-20261003-external-catalog-frontend,docs/handoff/notebook-20261003/external/catalog-frontend/0071-VISUAL_REVIEW.md,e32675c5bd0a73930b5b8d8f300d8c87f504126c,preserve,
C:\1212\artifacts\la-taba-rider-android-hardening\BUILD_REPORT.md,2203,handoff/notebook-20261003-external-rider,docs/handoff/notebook-20261003/external/rider/0072-BUILD_REPORT.md,5ee583dd51710bb12c7ddb06bf79989cc5ea0409,preserve,
C:\1212\artifacts\la-taba-rider-android-hardening\HARDENING_AUDIT.md,7432,handoff/notebook-20261003-external-rider,docs/handoff/notebook-20261003/external/rider/0073-HARDENING_AUDIT.md,5fd04ccc51ea8985ceae9deb2f5e693a05c25f20,preserve,
C:\1212\artifacts\la-taba-rider-android-hardening\LIFECYCLE_REVIEW.md,3477,handoff/notebook-20261003-external-rider,docs/handoff/notebook-20261003/external/rider/0074-LIFECYCLE_REVIEW.md,70f91aa6fc12dea20de29d429e32e112981e4673,preserve,
C:\1212\artifacts\la-taba-rider-android-hardening\RACE_CONDITIONS.md,4160,handoff/notebook-20261003-external-rider,docs/handoff/notebook-20261003/external/rider/0075-RACE_CONDITIONS.md,7f38b8ffa7b26de096535c02374ee4a1c2c8b5f9,preserve,
C:\1212\artifacts\la-taba-rider-android-hardening\SECURITY_REVIEW.md,3190,handoff/notebook-20261003-external-rider,docs/handoff/notebook-20261003/external/rider/0076-SECURITY_REVIEW.md,525cd6604c6e400f3d9542eec28b969dcfea8fa6,preserve,
C:\1212\artifacts\la-taba-rider-android-hardening\TEST_RESULTS.md,2551,handoff/notebook-20261003-external-rider,docs/handoff/notebook-20261003/external/rider/0077-TEST_RESULTS.md,5f6acffdfea68a3361cf3b6547e5f1fd774e645b,preserve,
C:\1212\artifacts\la-taba-rider-android-task03\DTO_CONTRACT.md,4193,handoff/notebook-20261003-external-rider,docs/handoff/notebook-20261003/external/rider/0078-DTO_CONTRACT.md,50dddc114c8894ce588a167a6f8631c23a55a4f7,preserve,
C:\1212\artifacts\la-taba-rider-android-task03\FINAL_CERTIFICATION.md,8337,handoff/notebook-20261003-external-rider,docs/handoff/notebook-20261003/external/rider/0079-FINAL_CERTIFICATION.md,5233c21047a4ac5af504ecee1649fca09dc0a53e,preserve,
C:\1212\artifacts\la-taba-rider-android-task03\ORDERS_ARCHITECTURE.md,4007,handoff/notebook-20261003-external-rider,docs/handoff/notebook-20261003/external/rider/0080-ORDERS_ARCHITECTURE.md,8fbf6bfb232c8a7f184df0d0b0b9c3ce6e59b3ca,preserve,
C:\1212\artifacts\la-taba-rider-android-task03\PRIVACY_AUDIT.md,3308,handoff/notebook-20261003-external-rider,docs/handoff/notebook-20261003/external/rider/0081-PRIVACY_AUDIT.md,f3e5ebcb7fe8fdd62789e341c1f4e93c167d9dc6,preserve,
C:\1212\artifacts\la-taba-rider-android-task03\TEST_RESULTS.md,4381,handoff/notebook-20261003-external-rider,docs/handoff/notebook-20261003/external/rider/0082-TEST_RESULTS.md,53e4e6adc0297b0ab695ba182b5726beaade04c7,preserve,
C:\1212\artifacts\la-taba-rider-android-task04\CLAIM_ARCHITECTURE.md,3157,handoff/notebook-20261003-external-rider,docs/handoff/notebook-20261003/external/rider/0083-CLAIM_ARCHITECTURE.md,3fc95703ff899b78f9fdd1d338d8dc62efa65f0d,preserve,
C:\1212\artifacts\la-taba-rider-android-task04\CONCURRENCY_TEST.md,3637,handoff/notebook-20261003-external-rider,docs/handoff/notebook-20261003/external/rider/0084-CONCURRENCY_TEST.md,89bc1f4290d95a19a553cf3c3a9a593912c87f70,preserve,
C:\1212\artifacts\la-taba-rider-android-task04\SECURITY_AUDIT.md,2261,handoff/notebook-20261003-external-rider,docs/handoff/notebook-20261003/external/rider/0085-SECURITY_AUDIT.md,afd868350c43378dab9133012a4c93659854b393,preserve,
C:\1212\artifacts\la-taba-rider-android-task04\TASK04_FINAL_EVIDENCE_20260801.md,3544,handoff/notebook-20261003-external-rider,docs/handoff/notebook-20261003/external/rider/0086-TASK04_FINAL_EVIDENCE_20260801.md,cdac13d6ef81fedbb10bec658d45680744a8b07e,preserve,
C:\1212\artifacts\la-taba-rider-android-task04\TASK04_REAL_RUN_20260801.md,3311,handoff/notebook-20261003-external-rider,docs/handoff/notebook-20261003/external/rider/0087-TASK04_REAL_RUN_20260801.md,185c6a737a0aeda6ed8df9de7b3d13e59b639ffe,preserve,
C:\1212\artifacts\la-taba-rider-android-task04\TEST_RESULTS.md,2101,handoff/notebook-20261003-external-rider,docs/handoff/notebook-20261003/external/rider/0088-TEST_RESULTS.md,988ee693cce5b1f5af51c44525ae8884bdc9a1d1,preserve,
C:\1212\artifacts\la-taba-rider-android-task04\captures\README.md,415,handoff/notebook-20261003-external-rider,docs/handoff/notebook-20261003/external/rider/0089-README.md,56b615c71ea60ae61d68ede70441efad085ce984,preserve,
C:\1212\artifacts\la-taba-rider-android-task06\BUILD_CERTIFICATION.md,4228,handoff/notebook-20261003-external-rider,docs/handoff/notebook-20261003/external/rider/0090-BUILD_CERTIFICATION.md,0fdcdc369628606c86583f01f9336fefbf4ab747,preserve,
C:\1212\artifacts\la-taba-rider-android-task06\GPS_NATIVE_CONTRACT.md,1606,handoff/notebook-20261003-external-rider,docs/handoff/notebook-20261003/external/rider/0091-GPS_NATIVE_CONTRACT.md,363b256af33cdc4c3b046aabdded8c6526c74a3e,preserve,
C:\1212\artifacts\la-taba-rider-android-task06\MOTO_G15_LIVE_TEST.md,1000,handoff/notebook-20261003-external-rider,docs/handoff/notebook-20261003/external/rider/0092-MOTO_G15_LIVE_TEST.md,3235327c476d0b05f59e064470a17c9a72653885,preserve,
C:\1212\artifacts\la-taba-rider-android-task06\MOTO_TEST_PLAN.md,1910,handoff/notebook-20261003-external-rider,docs/handoff/notebook-20261003/external/rider/0093-MOTO_TEST_PLAN.md,e341468d0cc7ceead43691ee10642ec61fb7b89e,preserve,
C:\1212\artifacts\la-taba-rider-android-task06\SECURITY_REVIEW.md,1934,handoff/notebook-20261003-external-rider,docs/handoff/notebook-20261003/external/rider/0094-SECURITY_REVIEW.md,1d9ba9e180f0368d6557db209d5f80409ca2ad0e,preserve,
C:\1212\artifacts\la-taba-rider-android-task06\STAGING_GPS_VERIFICATION.md,746,handoff/notebook-20261003-external-rider,docs/handoff/notebook-20261003/external/rider/0095-STAGING_GPS_VERIFICATION.md,8e0ed20b83b4f5dc4166d70aad599aed1c09b788,preserve,
C:\1212\artifacts\la-taba-rider-android-task06\TASK06_REPORT.md,2426,handoff/notebook-20261003-external-rider,docs/handoff/notebook-20261003/external/rider/0096-TASK06_REPORT.md,10ce1d1f4e3f0967b3ea55fc423d4395dce29124,preserve,
C:\1212\artifacts\la-taba-rider-android-task06\TEST_RESULTS.md,3271,handoff/notebook-20261003-external-rider,docs/handoff/notebook-20261003/external/rider/0097-TEST_RESULTS.md,027a0c87d0bfe85e356034fb50e00962429c1a62,preserve,
C:\1212\artifacts\la-taba-rider-android-task06\captures\README.md,279,handoff/notebook-20261003-external-rider,docs/handoff/notebook-20261003/external/rider/0098-README.md,052dcb394028e8992481737b2c7927398c05e66a,preserve,
C:\1212\artifacts\la-taba-rider-architecture\ANDROID_LIFECYCLE.md,8549,handoff/notebook-20261003-external-rider,docs/handoff/notebook-20261003/external/rider/0099-ANDROID_LIFECYCLE.md,ab11a024fd8b8865b018453ca9195c1e3c563984,preserve,
C:\1212\artifacts\la-taba-rider-architecture\ARCHITECTURE.md,10567,handoff/notebook-20261003-external-rider,docs/handoff/notebook-20261003/external/rider/0100-ARCHITECTURE.md,a62bd3793eb2742354b18b3282561113b0a83299,preserve,
C:\1212\artifacts\la-taba-rider-architecture\BACKEND_CONTRACT.md,13686,handoff/notebook-20261003-external-rider,docs/handoff/notebook-20261003/external/rider/0101-BACKEND_CONTRACT.md,60dd9876c6f7f92fe3e1fd84da69f773265b6adb,preserve,
C:\1212\artifacts\la-taba-rider-architecture\IMPLEMENTATION_PLAN.md,6505,handoff/notebook-20261003-external-rider,docs/handoff/notebook-20261003/external/rider/0102-IMPLEMENTATION_PLAN.md,1cabb46dba118c50f512d288f66d37fdd1dddd4e,preserve,
C:\1212\artifacts\la-taba-rider-architecture\PROJECT_TREE.md,10795,handoff/notebook-20261003-external-rider,docs/handoff/notebook-20261003/external/rider/0103-PROJECT_TREE.md,64a74334edf3fe1a55e1044c70956c18930983a3,preserve,
C:\1212\artifacts\la-taba-rider-architecture\SECURITY_MODEL.md,7179,handoff/notebook-20261003-external-rider,docs/handoff/notebook-20261003/external/rider/0104-SECURITY_MODEL.md,b96402b0a47df0d6eab871db54f8d45e9437f78c,preserve,
C:\1212\artifacts\la-taba-rider-architecture\TEST_MATRIX.md,6178,handoff/notebook-20261003-external-rider,docs/handoff/notebook-20261003/external/rider/0105-TEST_MATRIX.md,30422086346cb7b7fb72ee8a2f588fdddd1d6cdf,preserve,
C:\1212\artifacts\la-taba-rider-architecture\ADR\0001-flutter-kotlin.md,870,handoff/notebook-20261003-external-rider,docs/handoff/notebook-20261003/external/rider/0106-0001-flutter-kotlin.md,561a8b47d9a7fd27ed4974895cc6ae1ec2677430,preserve,
C:\1212\artifacts\la-taba-rider-architecture\ADR\0002-cliente-supabase-kotlin.md,870,handoff/notebook-20261003-external-rider,docs/handoff/notebook-20261003/external/rider/0107-0002-cliente-supabase-kotlin.md,03a4cb6a243070fc6cc7458f21fbde905354b3f7,preserve,
C:\1212\artifacts\la-taba-rider-architecture\ADR\0003-sesion-segura.md,702,handoff/notebook-20261003-external-rider,docs/handoff/notebook-20261003/external/rider/0108-0003-sesion-segura.md,cf7175d0c8684b22d1e72f3acc07fa34977e17e9,preserve,
C:\1212\artifacts\la-taba-rider-architecture\ADR\0004-cola-offline.md,657,handoff/notebook-20261003-external-rider,docs/handoff/notebook-20261003/external/rider/0109-0004-cola-offline.md,8f53e2b2f127d04555cf9a4805702e780dea68c4,preserve,
C:\1212\artifacts\la-taba-rider-architecture\ADR\0005-frecuencia-gps.md,606,handoff/notebook-20261003-external-rider,docs/handoff/notebook-20261003/external/rider/0110-0005-frecuencia-gps.md,f0c20bf5a69b86efb76c44ac86597cf3ac8b9779,preserve,
C:\1212\artifacts\la-taba-rider-architecture\ADR\0006-foreground-service.md,640,handoff/notebook-20261003-external-rider,docs/handoff/notebook-20261003/external/rider/0111-0006-foreground-service.md,f04a00924626a4274bd3d7529c4744a45a701ded,preserve,
C:\1212\artifacts\la-taba-rider-architecture\ADR\0007-reinicio-recuperacion.md,731,handoff/notebook-20261003-external-rider,docs/handoff/notebook-20261003/external/rider/0112-0007-reinicio-recuperacion.md,37d6f29f21774861052eaa56a6149fb131d2529b,preserve,
C:\1212\artifacts\la-taba-rider-architecture\ADR\0008-maplibre.md,568,handoff/notebook-20261003-external-rider,docs/handoff/notebook-20261003/external/rider/0113-0008-maplibre.md,c324b4e35183bc88fc94757ad6f2129b5bf213db,preserve,
C:\1212\artifacts\la-taba-rider-architecture\ADR\0009-flavors.md,616,handoff/notebook-20261003-external-rider,docs/handoff/notebook-20261003/external/rider/0114-0009-flavors.md,c25225ea9ab05fd1cd67917b2714812d26a7a16c,preserve,
C:\1212\artifacts\la-taba-rider-architecture\CODEX_TASKS\01-scaffold.md,1058,handoff/notebook-20261003-external-rider,docs/handoff/notebook-20261003/external/rider/0115-01-scaffold.md,d5af82a2c168b5a9c93320db452096dfb470785d,preserve,
C:\1212\artifacts\la-taba-rider-architecture\CODEX_TASKS\02-auth.md,1121,handoff/notebook-20261003-external-rider,docs/handoff/notebook-20261003/external/rider/0116-02-auth.md,1c2d5ade62040e5947539bfa87a82693536859a2,preserve,
C:\1212\artifacts\la-taba-rider-architecture\CODEX_TASKS\03-orders.md,1191,handoff/notebook-20261003-external-rider,docs/handoff/notebook-20261003/external/rider/0117-03-orders.md,863ca6a8d099e6987786249bc1eae739782e5c72,preserve,
C:\1212\artifacts\la-taba-rider-architecture\CODEX_TASKS\04-bridge.md,1058,handoff/notebook-20261003-external-rider,docs/handoff/notebook-20261003/external/rider/0118-04-bridge.md,e2b0f960e194ab525fcc065f06afe493f38df255,preserve,
C:\1212\artifacts\la-taba-rider-architecture\CODEX_TASKS\05-foreground-service.md,1187,handoff/notebook-20261003-external-rider,docs/handoff/notebook-20261003/external/rider/0119-05-foreground-service.md,8537b17029b4e65fb54b118d138bd3f7ea04e567,preserve,
C:\1212\artifacts\la-taba-rider-architecture\CODEX_TASKS\06-gps-rpc.md,1217,handoff/notebook-20261003-external-rider,docs/handoff/notebook-20261003/external/rider/0120-06-gps-rpc.md,7816b4ecc4fb2c5b63396f627d44baf366360e81,preserve,
C:\1212\artifacts\la-taba-rider-architecture\CODEX_TASKS\07-offline-queue.md,1092,handoff/notebook-20261003-external-rider,docs/handoff/notebook-20261003/external/rider/0121-07-offline-queue.md,f33b5b8f236a2cf55a3090e2f4f0f6d462237990,preserve,
C:\1212\artifacts\la-taba-rider-architecture\CODEX_TASKS\08-map.md,1021,handoff/notebook-20261003-external-rider,docs/handoff/notebook-20261003/external/rider/0122-08-map.md,d182ec7dbf17ccee686e44ac062cf8d238001aaa,preserve,
C:\1212\artifacts\la-taba-rider-architecture\CODEX_TASKS\09-recovery.md,1071,handoff/notebook-20261003-external-rider,docs/handoff/notebook-20261003/external/rider/0123-09-recovery.md,d0cc9040d4ab14e131086885e84aed69d54517f2,preserve,
C:\1212\artifacts\la-taba-rider-architecture\CODEX_TASKS\10-physical-tests.md,1169,handoff/notebook-20261003-external-rider,docs/handoff/notebook-20261003/external/rider/0124-10-physical-tests.md,d7fef62c7f8c2ba5ae8f6de051d4fa6d3c4df4e4,preserve,
C:\1212\artifacts\la-taba-rider-gps-smoke\APK_VERIFICATION.md,834,handoff/notebook-20261003-external-rider,docs/handoff/notebook-20261003/external/rider/0125-APK_VERIFICATION.md,cc47a9781c872ebb9c1970cc1c674b9d52c8bd50,preserve,
C:\1212\artifacts\la-taba-rider-gps-smoke\CLEANUP_VERIFICATION.md,1179,handoff/notebook-20261003-external-rider,docs/handoff/notebook-20261003/external/rider/0126-CLEANUP_VERIFICATION.md,487a6ccd42a06f556b05aea155643911cbad0560,preserve,
C:\1212\artifacts\la-taba-rider-gps-smoke\FINAL_RESULT.md,802,handoff/notebook-20261003-external-rider,docs/handoff/notebook-20261003/external/rider/0127-FINAL_RESULT.md,8b804a75791311d84595c05a39b6c78ad77ae4fd,preserve,
C:\1212\artifacts\la-taba-rider-gps-smoke\GPS_DEVICE_RESULTS.md,432,handoff/notebook-20261003-external-rider,docs/handoff/notebook-20261003/external/rider/0128-GPS_DEVICE_RESULTS.md,7f06af586a5382d3c4ca0986213576619c332f71,preserve,
C:\1212\artifacts\la-taba-rider-gps-smoke\GPS_SERVER_RECEIPTS.md,575,handoff/notebook-20261003-external-rider,docs/handoff/notebook-20261003/external/rider/0129-GPS_SERVER_RECEIPTS.md,98c5463c88248eb72ddaf36f4c6e4a5675caeca0,preserve,
C:\1212\artifacts\la-taba-rider-gps-smoke\LOGCAT_SANITIZED.md,451,handoff/notebook-20261003-external-rider,docs/handoff/notebook-20261003/external/rider/0130-LOGCAT_SANITIZED.md,1772506ae059041619b332548d9d3ec92db927b5,preserve,
C:\1212\artifacts\la-taba-rider-gps-smoke\LT-0007_INVESTIGATION.md,5182,handoff/notebook-20261003-external-rider,docs/handoff/notebook-20261003/external/rider/0131-LT-0007_INVESTIGATION.md,79fbb667c1d70b43eb4575582d9618f82ced8af8,preserve,
C:\1212\artifacts\la-taba-rider-gps-smoke\PRECHECK.md,1132,handoff/notebook-20261003-external-rider,docs/handoff/notebook-20261003/external/rider/0132-PRECHECK.md,b1b6192d1ed7240f1d3dcfa140c4f4f98e4fe229,preserve,
C:\1212\artifacts\la-taba-rider-gps-smoke\STAGING_OPERATIONS_AUDIT.md,2836,handoff/notebook-20261003-external-rider,docs/handoff/notebook-20261003/external/rider/0133-STAGING_OPERATIONS_AUDIT.md,569df98db11831a2fe45bb963151d6cb08f3ebc2,preserve,
C:\1212\artifacts\la-taba-rider-gps-smoke\STAGING_PRECHECK_FINAL.md,1131,handoff/notebook-20261003-external-rider,docs/handoff/notebook-20261003/external/rider/0134-STAGING_PRECHECK_FINAL.md,7ffca8fb48aeb6bfe59ac044a9d652caf33b57d7,preserve,
C:\1212\artifacts\la-taba-rider-gps-smoke\SYNTHETIC_ORDER.md,511,handoff/notebook-20261003-external-rider,docs/handoff/notebook-20261003/external/rider/0135-SYNTHETIC_ORDER.md,21c542488fe17d9963e997042f033a7b34a0f7bb,preserve,
C:\1212\artifacts\la-taba-rider-production-plan\ANDROID_LIFECYCLE_MATRIX.md,7608,handoff/notebook-20261003-external-rider,docs/handoff/notebook-20261003/external/rider/0136-ANDROID_LIFECYCLE_MATRIX.md,4bca974bf711f79fc92061e5df816c775ad998cf,preserve,
C:\1212\artifacts\la-taba-rider-production-plan\CURRENT_STATE_AUDIT.md,11011,handoff/notebook-20261003-external-rider,docs/handoff/notebook-20261003/external/rider/0137-CURRENT_STATE_AUDIT.md,bef5e03c450847002248096b610aa6dc8f933a8b,preserve,
C:\1212\artifacts\la-taba-rider-production-plan\GPS_PIPELINE.md,8589,handoff/notebook-20261003-external-rider,docs/handoff/notebook-20261003/external/rider/0138-GPS_PIPELINE.md,6f1caad19b5b0ec0b435cc13aab2c145d2e0ee35,preserve,
C:\1212\artifacts\la-taba-rider-production-plan\IMPLEMENTATION_ROADMAP.md,5230,handoff/notebook-20261003-external-rider,docs/handoff/notebook-20261003/external/rider/0139-IMPLEMENTATION_ROADMAP.md,e306b7ea398ace5f0f8d363db24e06cafbf0ac92,preserve,
C:\1212\artifacts\la-taba-rider-production-plan\OFFLINE_QUEUE.md,7176,handoff/notebook-20261003-external-rider,docs/handoff/notebook-20261003/external/rider/0140-OFFLINE_QUEUE.md,d00034c082b3bfed968f0a4f7d34d0347357a554,preserve,
C:\1212\artifacts\la-taba-rider-production-plan\PRODUCTION_RISKS.md,6123,handoff/notebook-20261003-external-rider,docs/handoff/notebook-20261003/external/rider/0141-PRODUCTION_RISKS.md,bf5277d3174307d09500a3b54b38c49976b1c0d5,preserve,
C:\1212\artifacts\la-taba-rider-production-plan\RIDER_UX_REVIEW.md,6140,handoff/notebook-20261003-external-rider,docs/handoff/notebook-20261003/external/rider/0142-RIDER_UX_REVIEW.md,965a47a2c4195d4af1f5731a0440fc1619a737b1,preserve,
C:\1212\artifacts\la-taba-rider-production-plan\SESSION_SECURITY.md,8231,handoff/notebook-20261003-external-rider,docs/handoff/notebook-20261003/external/rider/0143-SESSION_SECURITY.md,841f13469849639e076adc2955e7161f72f6199a,preserve,
C:\1212\artifacts\la-taba-rider-production-plan\ADR\ADR-001-gps-service-ownership.md,2361,handoff/notebook-20261003-external-rider,docs/handoff/notebook-20261003/external/rider/0144-ADR-001-gps-service-ownership.md,d1dfae323d177aaa6d93853826f3f720852acf91,preserve,
C:\1212\artifacts\la-taba-rider-production-plan\ADR\ADR-002-offline-queue-room.md,2136,handoff/notebook-20261003-external-rider,docs/handoff/notebook-20261003/external/rider/0145-ADR-002-offline-queue-room.md,16efc4bbd6aefcda43cf51d6ccf92e49a7978624,preserve,
C:\1212\artifacts\la-taba-rider-production-plan\ADR\ADR-003-session-token-boundary.md,2035,handoff/notebook-20261003-external-rider,docs/handoff/notebook-20261003/external/rider/0146-ADR-003-session-token-boundary.md,0bfb5d0f1089c16f920d69f096b51b636a56d2d5,preserve,
C:\1212\artifacts\la-taba-rider-production-plan\ADR\ADR-004-recovery-and-lifecycle.md,2101,handoff/notebook-20261003-external-rider,docs/handoff/notebook-20261003/external/rider/0147-ADR-004-recovery-and-lifecycle.md,abe79f6a7c052deb6ff59d034f633628730669b6,preserve,
C:\1212\artifacts\la-taba-rider-production-plan\ADR\ADR-005-observability-retention.md,2027,handoff/notebook-20261003-external-rider,docs/handoff/notebook-20261003/external/rider/0148-ADR-005-observability-retention.md,04fddd0dcce0197f1be212f6576b966f2d8ef0cb,preserve,
C:\1212\artifacts\la-taba-rider-production-plan\CODEX_TASKS\task06.md,4720,handoff/notebook-20261003-external-rider,docs/handoff/notebook-20261003/external/rider/0149-task06.md,5d40a3d60f7dc2f6c4255e70d70a64d98658c88e,preserve,
C:\1212\artifacts\la-taba-rider-production-plan\CODEX_TASKS\task07.md,4213,handoff/notebook-20261003-external-rider,docs/handoff/notebook-20261003/external/rider/0150-task07.md,61303055cd67b4f66c230e47ddc475cd695087fe,preserve,
C:\1212\artifacts\la-taba-rider-production-plan\CODEX_TASKS\task08.md,4368,handoff/notebook-20261003-external-rider,docs/handoff/notebook-20261003/external/rider/0151-task08.md,8a22f93e96b0631c3c5f462388a36e9d399f9e3e,preserve,
C:\1212\artifacts\la-taba-rider-production-plan\CODEX_TASKS\task09.md,4299,handoff/notebook-20261003-external-rider,docs/handoff/notebook-20261003/external/rider/0152-task09.md,afb6fb73114a6d760d361942b717882532a888d9,preserve,
C:\1212\artifacts\la-taba-rider-production-plan\CODEX_TASKS\task10.md,4545,handoff/notebook-20261003-external-rider,docs/handoff/notebook-20261003/external/rider/0153-task10.md,5495212ae60f31873aa2b7f627638341f2954884,preserve,
C:\1212\artifacts\la-taba-rider-server-contracts\CONTRACT_AUDIT.md,4920,handoff/notebook-20261003-external-rider,docs/handoff/notebook-20261003/external/rider/0154-CONTRACT_AUDIT.md,ab2358aadefddc7514c154212d7dc1c3bb54be4b,preserve,
C:\1212\artifacts\la-taba-rider-server-contracts\LOGCAT_SANITIZED.md,697,handoff/notebook-20261003-external-rider,docs/handoff/notebook-20261003/external/rider/0155-LOGCAT_SANITIZED.md,20759a76448e3ff31a6739f85983bb9311db134b,preserve,
C:\1212\artifacts\la-taba-rider-server-contracts\PHYSICAL_VALIDATION_CHECKLIST.md,2163,handoff/notebook-20261003-external-rider,docs/handoff/notebook-20261003/external/rider/0156-PHYSICAL_VALIDATION_CHECKLIST.md,5b81c925895c60f3500603b63ca051a14512df5b,preserve,
C:\1212\artifacts\la-taba-rider-server-contracts\STAGING_CREDENTIAL_REQUIREMENTS.md,1007,handoff/notebook-20261003-external-rider,docs/handoff/notebook-20261003/external/rider/0157-STAGING_CREDENTIAL_REQUIREMENTS.md,029b14c6a9e80a007b02b8784d22c19ace59f522,preserve,
C:\1212\artifacts\la-taba-rider-server-contracts\VALIDATION_EVIDENCE.md,2848,handoff/notebook-20261003-external-rider,docs/handoff/notebook-20261003/external/rider/0158-VALIDATION_EVIDENCE.md,e5be7c14689338dc167fb7d9dc1aa3ff915bc3f3,preserve,
C:\1212\artifacts\la-taba-rider-server-contracts\VISUAL_REVIEW.md,1212,handoff/notebook-20261003-external-rider,docs/handoff/notebook-20261003/external/rider/0159-VISUAL_REVIEW.md,8ca7d61de4885b11597f5f1d55cc4ec9c0309dfa,preserve,
C:\1212\artifacts\la-taba-rider-staging-certification\ANDROID_TEST_RESULTS.md,652,handoff/notebook-20261003-external-rider,docs/handoff/notebook-20261003/external/rider/0160-ANDROID_TEST_RESULTS.md,52e5aa928b7983a4b0064abec245ed4cd10cc91b,preserve,
C:\1212\artifacts\la-taba-rider-staging-certification\CLEANUP_VERIFICATION.md,943,handoff/notebook-20261003-external-rider,docs/handoff/notebook-20261003/external/rider/0161-CLEANUP_VERIFICATION.md,8f145a86a9f96c97c5bcf4e19e32f2ebdddb4d85,preserve,
C:\1212\artifacts\la-taba-rider-staging-certification\CODE_RATE_LIMIT.md,711,handoff/notebook-20261003-external-rider,docs/handoff/notebook-20261003/external/rider/0162-CODE_RATE_LIMIT.md,669d1bddcf127ee309b0cfe2780b2b7e6340bfb1,preserve,
C:\1212\artifacts\la-taba-rider-staging-certification\FINAL_CERTIFICATION.md,2637,handoff/notebook-20261003-external-rider,docs/handoff/notebook-20261003/external/rider/0163-FINAL_CERTIFICATION.md,2959ade86b79815a34511d9eba133361ccc44af8,preserve,
C:\1212\artifacts\la-taba-rider-staging-certification\FULL_DELIVERY_FLOW.md,1012,handoff/notebook-20261003-external-rider,docs/handoff/notebook-20261003/external/rider/0164-FULL_DELIVERY_FLOW.md,bbdbc042a56de1e93f903de156dbd85ced89ebc3,preserve,
C:\1212\artifacts\la-taba-rider-staging-certification\GPS_RECEIPTS.md,640,handoff/notebook-20261003-external-rider,docs/handoff/notebook-20261003/external/rider/0165-GPS_RECEIPTS.md,425e33f6d49cd8bfe0552e5d427ac70df67dc268,preserve,
C:\1212\artifacts\la-taba-rider-staging-certification\LIVE_ACTORS.md,825,handoff/notebook-20261003-external-rider,docs/handoff/notebook-20261003/external/rider/0166-LIVE_ACTORS.md,e14690ae45b5e95c48f5b36271e64ac4f4ef3610,preserve,
C:\1212\artifacts\la-taba-rider-staging-certification\LOGCAT_SANITIZED.md,510,handoff/notebook-20261003-external-rider,docs/handoff/notebook-20261003/external/rider/0167-LOGCAT_SANITIZED.md,8f37bfa223c5ec3c0690e637832786ba90774ba4,preserve,
C:\1212\artifacts\la-taba-rider-staging-certification\MIGRATION_APPLICATION.md,1205,handoff/notebook-20261003-external-rider,docs/handoff/notebook-20261003/external/rider/0168-MIGRATION_APPLICATION.md,ac3e47e5ab1883e8c3053984bfc82fb645db0f02,preserve,
C:\1212\artifacts\la-taba-rider-staging-certification\MOTO_G15_PHYSICAL_RESULTS.md,862,handoff/notebook-20261003-external-rider,docs/handoff/notebook-20261003/external/rider/0169-MOTO_G15_PHYSICAL_RESULTS.md,bf34422328b195acd9129be3de5892268c754719,preserve,
C:\1212\artifacts\la-taba-rider-staging-certification\MULTI_RIDER_CLAIM.md,587,handoff/notebook-20261003-external-rider,docs/handoff/notebook-20261003/external/rider/0170-MULTI_RIDER_CLAIM.md,5db8be4a8683787c13c8a71266d92e38a8089d93,preserve,
C:\1212\artifacts\la-taba-rider-staging-certification\POSTGRES_CREDENTIAL_STATUS.md,507,handoff/notebook-20261003-external-rider,docs/handoff/notebook-20261003/external/rider/0171-POSTGRES_CREDENTIAL_STATUS.md,4775826f5234312e63fa055293f7fb1d9368b89e,preserve,
C:\1212\artifacts\la-taba-rider-staging-certification\PREFLIGHT.md,966,handoff/notebook-20261003-external-rider,docs/handoff/notebook-20261003/external/rider/0172-PREFLIGHT.md,bb6cf57577173eb95a59957d4d095b8f1b36653a,preserve,
C:\1212\artifacts\la-taba-rider-staging-certification\REMOTE_SCHEMA_VERIFICATION.md,1225,handoff/notebook-20261003-external-rider,docs/handoff/notebook-20261003/external/rider/0173-REMOTE_SCHEMA_VERIFICATION.md,c7f0d4fa325daf8731e717a9a3a1777b5dd06833,preserve,
C:\1212\artifacts\la-taba-rider-staging-certification\TEMPORARY_ACCESS_STATUS.md,816,handoff/notebook-20261003-external-rider,docs/handoff/notebook-20261003/external/rider/0174-TEMPORARY_ACCESS_STATUS.md,df48b296391fc0a74e786eae33e5363efb268ce7,preserve,
C:\1212\artifacts\la-taba-rider-staging-certification\TERMINAL_CONVERGENCE.md,593,handoff/notebook-20261003-external-rider,docs/handoff/notebook-20261003/external/rider/0175-TERMINAL_CONVERGENCE.md,66ff1e6c9c7de1ba522d3095fcd9960e9b8c3080,preserve,
C:\1212\artifacts\la-taba-rider-staging-certification\UX_PHYSICAL_REVIEW.md,655,handoff/notebook-20261003-external-rider,docs/handoff/notebook-20261003/external/rider/0176-UX_PHYSICAL_REVIEW.md,5e277f056e610f420a068dd92f37e3adc827f9e3,preserve,
C:\1212\artifacts\taba-catalog-checkout-premium\changed-files.md,601,handoff/notebook-20261003-external-catalog-frontend,docs/handoff/notebook-20261003/external/catalog-frontend/0177-changed-files.md,6205ee41d1b44ff31b2461e22a9f085622bd0b25,preserve,
C:\1212\artifacts\taba-catalog-checkout-premium\e2e-migration.md,2474,handoff/notebook-20261003-external-backend-qa,docs/handoff/notebook-20261003/external/backend-qa/0178-e2e-migration.md,aa332da05115fddc02130c61568ada08d44738f9,preserve,
C:\1212\artifacts\taba-catalog-checkout-premium\known-limitations.md,430,handoff/notebook-20261003-external-catalog-frontend,docs/handoff/notebook-20261003/external/catalog-frontend/0179-known-limitations.md,bb5c992b59d37b8829efe6d282a9fa29260e1e5e,preserve,
C:\1212\artifacts\taba-catalog-checkout-premium\MANIFEST.md,927,handoff/notebook-20261003-external-catalog-frontend,docs/handoff/notebook-20261003/external/catalog-frontend/0180-MANIFEST.md,35daaa97bd20ad10615b053f06bec1c6401a9826,preserve,
C:\1212\artifacts\taba-catalog-expansion\CATALOG_SUMMARY.md,3343,handoff/notebook-20261003-external-catalog-frontend,docs/handoff/notebook-20261003/external/catalog-frontend/0181-CATALOG_SUMMARY.md,6496370fd922ceaf560355b95f102e6e5d4e3cfc,preserve,
C:\1212\artifacts\taba-catalog-expansion\changed-files.md,572,handoff/notebook-20261003-external-catalog-frontend,docs/handoff/notebook-20261003/external/catalog-frontend/0182-changed-files.md,7009307d1788d5f43c9b5e8cebb1de2fc3edd6cc,preserve,
C:\1212\artifacts\taba-catalog-expansion\DEFERRED_PRODUCTS.md,1320,handoff/notebook-20261003-external-catalog-frontend,docs/handoff/notebook-20261003/external/catalog-frontend/0183-DEFERRED_PRODUCTS.md,ed75c075d0876713e3eb85b4d6b39d05e4d8bfd5,preserve,
C:\1212\artifacts\taba-catalog-expansion\duplicate-report.md,348,handoff/notebook-20261003-external-catalog-frontend,docs/handoff/notebook-20261003/external/catalog-frontend/0184-duplicate-report.md,0104b65c6b125f8731a2151ab67fca568e8a277d,preserve,
C:\1212\artifacts\taba-catalog-expansion\known-limitations.md,692,handoff/notebook-20261003-external-catalog-frontend,docs/handoff/notebook-20261003/external/catalog-frontend/0185-known-limitations.md,8d3cc6e5ea165218e0b8dca3b982599151f9e8a1,preserve,
C:\1212\artifacts\taba-catalog-expansion\PIPELINE_MAP.md,2159,handoff/notebook-20261003-external-catalog-frontend,docs/handoff/notebook-20261003/external/catalog-frontend/0186-PIPELINE_MAP.md,a0824b710629adf4811f7b203e0ac2aaefa1b95e,preserve,
C:\1212\artifacts\taba-catalog-expansion\sku-report.md,399,handoff/notebook-20261003-external-catalog-frontend,docs/handoff/notebook-20261003/external/catalog-frontend/0187-sku-report.md,4f6db13035c65ad7017b36e0086d731af4c3a640,preserve,
C:\1212\artifacts\taba-commerce-v3\apply-staging-drafts.mjs,1751,handoff/notebook-20261003-external-backend-qa,docs/handoff/notebook-20261003/external/backend-qa/0188-apply-staging-drafts.mjs,3f92327d4e9b95ff06264504ccc4af19f14850ca,preserve,
C:\1212\artifacts\taba-commerce-v3\audit-browser.mjs,930,handoff/notebook-20261003-external-qa-evidence,docs/handoff/notebook-20261003/external/qa-evidence/0189-audit-browser.mjs,c71a7e9d79d521efd715195e7b6b9b98e21c4838,preserve,
C:\1212\artifacts\taba-commerce-v3\audit-current.mjs,875,handoff/notebook-20261003-external-qa-evidence,docs/handoff/notebook-20261003/external/qa-evidence/0190-audit-current.mjs,78ccbbb87b62c84b56767a2aab59d51a1a695b28,preserve,
C:\1212\artifacts\taba-commerce-v3\debug-reorder.mjs,1976,handoff/notebook-20261003-external-qa-evidence,docs/handoff/notebook-20261003/external/qa-evidence/0191-debug-reorder.mjs,c7ce6046c36572a13c8870caaa781ad3bf5da3fb,preserve,
C:\1212\artifacts\taba-commerce-v3\export-catalog-readonly.mjs,1479,handoff/notebook-20261003-external-catalog-frontend,docs/handoff/notebook-20261003/external/catalog-frontend/0192-export-catalog-readonly.mjs,d13a88545cf23375ee69c78d6cb0fb001f75fc21,preserve,
C:\1212\artifacts\taba-commerce-v3\measure-flows.mjs,3635,handoff/notebook-20261003-external-qa-evidence,docs/handoff/notebook-20261003/external/qa-evidence/0193-measure-flows.mjs,bbd77470fa7fc880603d1bb61ec1b8e2160ae9e6,preserve,
C:\1212\artifacts\taba-commerce-v3\probe-browser.mjs,873,handoff/notebook-20261003-external-qa-evidence,docs/handoff/notebook-20261003/external/qa-evidence/0194-probe-browser.mjs,0384eb47ec8cdd024acfe6e97ab2b3b4a653ea52,preserve,
C:\1212\artifacts\taba-commerce-v3\public-playwright.config.mjs,446,handoff/notebook-20261003-external-qa-evidence,docs/handoff/notebook-20261003/external/qa-evidence/0195-public-playwright.config.mjs,899851491f27c9cf7d407db2ade3efc17597d234,preserve,
C:\1212\artifacts\taba-commerce-v3\public-probe.mjs,729,handoff/notebook-20261003-external-qa-evidence,docs/handoff/notebook-20261003/external/qa-evidence/0196-public-probe.mjs,f136d20fbb242dc937bc54b5a195654cb6810519,preserve,
C:\1212\artifacts\taba-commerce-v3\public-readonly.mjs,1315,handoff/notebook-20261003-external-qa-evidence,docs/handoff/notebook-20261003/external/qa-evidence/0197-public-readonly.mjs,eda112cdd54d1d57172320785e7a8254f76118b8,preserve,
C:\1212\artifacts\taba-commerce-v3\staging-advisors-after.mjs,568,handoff/notebook-20261003-external-backend-qa,docs/handoff/notebook-20261003/external/backend-qa/0198-staging-advisors-after.mjs,756bddf836d2664ebda2d71f95746906536032ce,preserve,
C:\1212\artifacts\taba-commerce-v3\staging-advisors.mjs,569,handoff/notebook-20261003-external-backend-qa,docs/handoff/notebook-20261003/external/backend-qa/0199-staging-advisors.mjs,a56ab8100a1a292e17ba541f80350e6fe275cbb8,preserve,
C:\1212\artifacts\taba-commerce-v3\staging-audit.mjs,757,handoff/notebook-20261003-external-backend-qa,docs/handoff/notebook-20261003/external/backend-qa/0200-staging-audit.mjs,56393e772397a0ecce235a6b29479de611172f4d,preserve,
C:\1212\artifacts\taba-commerce-v3\staging-catalog.mjs,413,handoff/notebook-20261003-external-backend-qa,docs/handoff/notebook-20261003/external/backend-qa/0201-staging-catalog.mjs,b817c6aa0f88613b5d764611df0434898f238a8f,preserve,
C:\1212\artifacts\taba-commerce-v3\staging-identity-read.mjs,612,handoff/notebook-20261003-external-backend-qa,docs/handoff/notebook-20261003/external/backend-qa/0202-staging-identity-read.mjs,dc8f8aedc8c0b704d4702875faf412882cfb1539,preserve,
C:\1212\artifacts\taba-commerce-v3\staging-metadata.mjs,1118,handoff/notebook-20261003-external-backend-qa,docs/handoff/notebook-20261003/external/backend-qa/0203-staging-metadata.mjs,1b904a89819c30427302a7f57b9a4103eceafa62,preserve,
C:\1212\artifacts\taba-functional-precommit-backup\CHANGE_CLASSIFICATION.md,5210,handoff/notebook-20261003-external-qa-evidence,docs/handoff/notebook-20261003/external/qa-evidence/0205-CHANGE_CLASSIFICATION.md,3477cbd374950d434c96f1b3accb6764c4f54115,preserve,
C:\1212\artifacts\taba-functional-precommit-backup\FINAL_REPORT.md,4841,handoff/notebook-20261003-external-qa-evidence,docs/handoff/notebook-20261003/external/qa-evidence/0206-FINAL_REPORT.md,fad8a0d74e889676c1c9416487752aec89dcf1b2,preserve,
C:\1212\artifacts\taba-iphone-physical-fixes\REPORT.md,13755,handoff/notebook-20261003-external-qa-evidence,docs/handoff/notebook-20261003/external/qa-evidence/0207-REPORT.md,d87bb51f8013ca00c1ae115f6ba7b57f92348a5f,preserve,
C:\1212\artifacts\taba-iphone-physical-fixes\tools\audit-autozoom.mjs,13392,handoff/notebook-20261003-external-qa-evidence,docs/handoff/notebook-20261003/external/qa-evidence/0208-audit-autozoom.mjs,a7279c72953724562e93b3ac3e417ca80b117e62,preserve,
C:\1212\artifacts\taba-iphone-physical-fixes\tools\audit-phantom-scroll.mjs,13912,handoff/notebook-20261003-external-qa-evidence,docs/handoff/notebook-20261003/external/qa-evidence/0209-audit-phantom-scroll.mjs,42ea0fa9ae069cfcb29a4aa3d9c05d5ca9d9d9bf,preserve,
C:\1212\artifacts\taba-iphone-physical-fixes\tools\capture-before-after.mjs,7194,handoff/notebook-20261003-external-qa-evidence,docs/handoff/notebook-20261003/external/qa-evidence/0210-capture-before-after.mjs,68094e1f30957208d4f6ad95de81de52a409f840,preserve,
C:\1212\artifacts\taba-local-autostart\autostart-log-sanitized.md,20331,handoff/notebook-20261003-external-qa-evidence,docs/handoff/notebook-20261003/external/qa-evidence/0211-autostart-log-sanitized.md,4c608d2f988819014fc8756da723352aaa5e6aba,preserve,
C:\1212\artifacts\taba-local-autostart\check-output.md,2628,handoff/notebook-20261003-external-qa-evidence,docs/handoff/notebook-20261003/external/qa-evidence/0212-check-output.md,079ec2be3b5bb149f84794d633ef9b44b041247d,preserve,
C:\1212\artifacts\taba-local-autostart\containers-summary.md,1762,handoff/notebook-20261003-external-qa-evidence,docs/handoff/notebook-20261003/external/qa-evidence/0213-containers-summary.md,2cff3db81f9bbab1b122b314d22f75946fcb019c,preserve,
C:\1212\artifacts\taba-local-autostart\FINAL_REPORT.md,2219,handoff/notebook-20261003-external-qa-evidence,docs/handoff/notebook-20261003/external/qa-evidence/0214-FINAL_REPORT.md,fb35a15bf4fb3064a4fd7dabdf9455ef558de102,preserve,
C:\1212\artifacts\taba-local-autostart\task-state.md,2307,handoff/notebook-20261003-external-qa-evidence,docs/handoff/notebook-20261003/external/qa-evidence/0215-task-state.md,2ddb0723b80c22047414921258ca0404728b2f4e,preserve,
C:\1212\artifacts\taba-mostador-patagonico-implementation-v1\PRECOMMIT.md,6330,handoff/notebook-20261003-external-qa-evidence,docs/handoff/notebook-20261003/external/qa-evidence/0216-PRECOMMIT.md,2922a173d55ac2423268b0fafa6fda5c20be1e28,preserve,
C:\1212\artifacts\taba-mostador-patagonico-implementation-v1\VALIDATION.md,4859,handoff/notebook-20261003-external-qa-evidence,docs/handoff/notebook-20261003/external/qa-evidence/0217-VALIDATION.md,80854d2f77ddbbe1beee0350e6c79e8c46cb53f9,preserve,
C:\1212\artifacts\taba-mostador-patagonico-implementation-v1\VISUAL_CLOSURE.md,6950,handoff/notebook-20261003-external-qa-evidence,docs/handoff/notebook-20261003/external/qa-evidence/0218-VISUAL_CLOSURE.md,e5f15b4801870cd9949a7b2805e9b3313b6e5c47,preserve,
C:\1212\artifacts\taba-mostador-patagonico-implementation-v1\tools\business-probe.mjs,5234,handoff/notebook-20261003-external-business-fiscal,docs/handoff/notebook-20261003/external/business-fiscal/0219-business-probe.mjs,ccbfea36fa9be5733e379ada381a13f18753ced0,preserve,
C:\1212\artifacts\taba-mostador-patagonico-implementation-v1\tools\capture.mjs,13500,handoff/notebook-20261003-external-qa-evidence,docs/handoff/notebook-20261003/external/qa-evidence/0220-capture.mjs,1c7f10494b9e9e129d695fea385d6ae23fa9ccac,preserve,
C:\1212\artifacts\taba-mostador-patagonico-implementation-v1\tools\precommit.mjs,13376,handoff/notebook-20261003-external-qa-evidence,docs/handoff/notebook-20261003/external/qa-evidence/0221-precommit.mjs,396848f5f7fc66e15c7c8dd641a94ba8bc6299b8,preserve,
C:\1212\artifacts\taba-mostador-patagonico-implementation-v1\tools\probe.mjs,2338,handoff/notebook-20261003-external-qa-evidence,docs/handoff/notebook-20261003/external/qa-evidence/0222-probe.mjs,a2d4ea9c1af29a052673e5ea92606110425edfc1,preserve,
C:\1212\artifacts\taba-mostador-precommit-backup\CHANGE_CLASSIFICATION.md,2629,handoff/notebook-20261003-external-qa-evidence,docs/handoff/notebook-20261003/external/qa-evidence/0223-CHANGE_CLASSIFICATION.md,27dab4fe7dc42b4e3fcf4b5ea937659498df5527,preserve,
C:\1212\artifacts\taba-mostador-precommit-backup\FINAL_REPORT.md,5206,handoff/notebook-20261003-external-qa-evidence,docs/handoff/notebook-20261003/external/qa-evidence/0224-FINAL_REPORT.md,1dde09b1c808b07326ed2fa3a73d28c74872a98c,preserve,
C:\1212\artifacts\taba-opus-design-review\BUSINESS_DESKTOP_SPEC.md,9488,handoff/notebook-20261003-external-business-fiscal,docs/handoff/notebook-20261003/external/business-fiscal/0225-BUSINESS_DESKTOP_SPEC.md,a5d6a5433d3be472296c0afc3fb7ffd7f357cd0d,preserve,
C:\1212\artifacts\taba-opus-design-review\BUSINESS_MOBILE_SPEC.md,14290,handoff/notebook-20261003-external-business-fiscal,docs/handoff/notebook-20261003/external/business-fiscal/0226-BUSINESS_MOBILE_SPEC.md,a8a8427c6564732938011f4447a213f0756d9da2,preserve,
C:\1212\artifacts\taba-opus-design-review\CATALOG_DESKTOP_SPEC.md,9964,handoff/notebook-20261003-external-catalog-frontend,docs/handoff/notebook-20261003/external/catalog-frontend/0227-CATALOG_DESKTOP_SPEC.md,4d1b8a978fc1e1224bdb146f147c80afb770dd74,preserve,
C:\1212\artifacts\taba-opus-design-review\CATALOG_MOBILE_SPEC.md,16352,handoff/notebook-20261003-external-catalog-frontend,docs/handoff/notebook-20261003/external/catalog-frontend/0228-CATALOG_MOBILE_SPEC.md,c1ac134410d78ad9b4b17ba08ae76c1c0ed559a9,preserve,
C:\1212\artifacts\taba-opus-design-review\DESIGN_AUDIT.md,21692,handoff/notebook-20261003-external-qa-evidence,docs/handoff/notebook-20261003/external/qa-evidence/0229-DESIGN_AUDIT.md,a451c81947fcc5eaf221da1b68bc966cef4136d8,preserve,
C:\1212\artifacts\taba-opus-design-review\DESIGN_SYSTEM.md,15456,handoff/notebook-20261003-external-qa-evidence,docs/handoff/notebook-20261003/external/qa-evidence/0230-DESIGN_SYSTEM.md,584d3edf32a6d963525a2463f0876670861f6157,preserve,
C:\1212\artifacts\taba-opus-design-review\IMPLEMENTATION_PLAN.md,10725,handoff/notebook-20261003-external-qa-evidence,docs/handoff/notebook-20261003/external/qa-evidence/0231-IMPLEMENTATION_PLAN.md,92b8ce64e36440feec369e1e58118dce0cb7a581,preserve,
C:\1212\artifacts\taba-opus-design-review\prototype-business-desktop.html,21075,handoff/notebook-20261003-external-business-fiscal,docs/handoff/notebook-20261003/external/business-fiscal/0232-prototype-business-desktop.html,a15c90774f32ef47d85332c2a7ba6f89fa633f48,preserve,
C:\1212\artifacts\taba-opus-design-review\prototype-business-mobile.html,11164,handoff/notebook-20261003-external-business-fiscal,docs/handoff/notebook-20261003/external/business-fiscal/0233-prototype-business-mobile.html,232d30fb5f6c3c69bb6a720f939a9978d713ad0a,preserve,
C:\1212\artifacts\taba-opus-design-review\prototype-catalog-desktop.html,21876,handoff/notebook-20261003-external-catalog-frontend,docs/handoff/notebook-20261003/external/catalog-frontend/0234-prototype-catalog-desktop.html,279ad42e216067485728ec8008f9d40273d7d475,preserve,
C:\1212\artifacts\taba-opus-design-review\prototype-catalog-mobile.html,17237,handoff/notebook-20261003-external-catalog-frontend,docs/handoff/notebook-20261003/external/catalog-frontend/0235-prototype-catalog-mobile.html,8af4fffe60f8378dad5ed6f6d4ba9a9b8dd51b18,preserve,
C:\1212\artifacts\taba-opus-design-review\prototype-shared.css,16843,handoff/notebook-20261003-external-qa-evidence,docs/handoff/notebook-20261003/external/qa-evidence/0236-prototype-shared.css,e879fa7924a82937b139b854ca560a51e7e22535,preserve,
C:\1212\artifacts\taba-opus-design-review\README.md,4192,handoff/notebook-20261003-external-qa-evidence,docs/handoff/notebook-20261003/external/qa-evidence/0237-README.md,c90805770d6a61065f5e69558455b2aee9c51b6d,preserve,
C:\1212\artifacts\taba-opus-design-review\RISK_REGISTER.md,9754,handoff/notebook-20261003-external-qa-evidence,docs/handoff/notebook-20261003/external/qa-evidence/0238-RISK_REGISTER.md,a37e7dd33fb5b124dce7f231d204e2ed7238dfcd,preserve,
C:\1212\artifacts\taba-opus-design-review\2026-07-31\README.md,5709,handoff/notebook-20261003-external-qa-evidence,docs/handoff/notebook-20261003/external/qa-evidence/0239-README.md,d4307b9bfe2a17aaffa67ebee2d1e64509ee94c6,preserve,
C:\1212\artifacts\taba-opus-design-review\2026-07-31\assets\ASSET_SOURCES.md,4673,handoff/notebook-20261003-external-qa-evidence,docs/handoff/notebook-20261003/external/qa-evidence/0240-ASSET_SOURCES.md,ef79b5e8a6a77cc838c78e39255a62e7c8890fa1,preserve,
C:\1212\artifacts\taba-opus-design-review\2026-07-31\audit\COMPONENT_INVENTORY.md,9452,handoff/notebook-20261003-external-qa-evidence,docs/handoff/notebook-20261003/external/qa-evidence/0241-COMPONENT_INVENTORY.md,421a9adf54edd80bf1c0827eebbd44370f28fe2b,preserve,
C:\1212\artifacts\taba-opus-design-review\2026-07-31\audit\CSS_RISK_MAP.md,9644,handoff/notebook-20261003-external-qa-evidence,docs/handoff/notebook-20261003/external/qa-evidence/0242-CSS_RISK_MAP.md,8d9b4a796a9b433b43b607b2dbfd5b1f78bded3a,preserve,
C:\1212\artifacts\taba-opus-design-review\2026-07-31\audit\DESIGN_AUDIT.md,27360,handoff/notebook-20261003-external-qa-evidence,docs/handoff/notebook-20261003/external/qa-evidence/0243-DESIGN_AUDIT.md,e91cf3ba6f508e1b242b02822ea7b414ab9e3294,preserve,
C:\1212\artifacts\taba-opus-design-review\2026-07-31\business\BUSINESS_DESKTOP_SPEC.md,7864,handoff/notebook-20261003-external-business-fiscal,docs/handoff/notebook-20261003/external/business-fiscal/0244-BUSINESS_DESKTOP_SPEC.md,98dc7a569b169461920fcaae61a89a7f6d331319,preserve,
C:\1212\artifacts\taba-opus-design-review\2026-07-31\business\BUSINESS_MOBILE_SPEC.md,9311,handoff/notebook-20261003-external-business-fiscal,docs/handoff/notebook-20261003/external/business-fiscal/0245-BUSINESS_MOBILE_SPEC.md,78461152f50037176144865b1dc4faa66e4cf0d6,preserve,
C:\1212\artifacts\taba-opus-design-review\2026-07-31\catalog\CATALOG_DESKTOP_SPEC.md,6478,handoff/notebook-20261003-external-catalog-frontend,docs/handoff/notebook-20261003/external/catalog-frontend/0246-CATALOG_DESKTOP_SPEC.md,02467fd416840f8a9dc587834670c91cae8fe6bb,preserve,
C:\1212\artifacts\taba-opus-design-review\2026-07-31\catalog\CATALOG_MOBILE_SPEC.md,10876,handoff/notebook-20261003-external-catalog-frontend,docs/handoff/notebook-20261003/external/catalog-frontend/0247-CATALOG_MOBILE_SPEC.md,7b0e1d2992faa817b8308f30c493345c45173cc3,preserve,
C:\1212\artifacts\taba-opus-design-review\2026-07-31\design-system\ACCESSIBILITY.md,8030,handoff/notebook-20261003-external-qa-evidence,docs/handoff/notebook-20261003/external/qa-evidence/0248-ACCESSIBILITY.md,67a844fc98f56e98fe91d7eda701991edb57263f,preserve,
C:\1212\artifacts\taba-opus-design-review\2026-07-31\design-system\COMPONENT_RULES.md,8378,handoff/notebook-20261003-external-qa-evidence,docs/handoff/notebook-20261003/external/qa-evidence/0249-COMPONENT_RULES.md,58161646c0f3bb1e93301384b3a2507a38a54ab8,preserve,
C:\1212\artifacts\taba-opus-design-review\2026-07-31\design-system\CROSS_PRODUCT_CONSISTENCY.md,7628,handoff/notebook-20261003-external-qa-evidence,docs/handoff/notebook-20261003/external/qa-evidence/0250-CROSS_PRODUCT_CONSISTENCY.md,5f9b1143e3120ae00b7b93f031100770567172b4,preserve,
C:\1212\artifacts\taba-opus-design-review\2026-07-31\design-system\DESIGN_DIRECTION.md,6639,handoff/notebook-20261003-external-qa-evidence,docs/handoff/notebook-20261003/external/qa-evidence/0251-DESIGN_DIRECTION.md,4f896612189f9bf7369eccdd4da8f2c47b72caad,preserve,
C:\1212\artifacts\taba-opus-design-review\2026-07-31\design-system\taba-tokens.css,6339,handoff/notebook-20261003-external-qa-evidence,docs/handoff/notebook-20261003/external/qa-evidence/0252-taba-tokens.css,0f338367f336760c1cbe84273027b6703f789fd0,preserve,
C:\1212\artifacts\taba-opus-design-review\2026-07-31\design-system\TOKENS.md,11588,handoff/notebook-20261003-external-qa-evidence,docs/handoff/notebook-20261003/external/qa-evidence/0253-TOKENS.md,ebd8ee88eb8e0e992c854599b539ef38c03099b0,preserve,
C:\1212\artifacts\taba-opus-design-review\2026-07-31\diagnostics\capture.mjs,11118,handoff/notebook-20261003-external-qa-evidence,docs/handoff/notebook-20261003/external/qa-evidence/0254-capture.mjs,0aa928afda71ffbd27f902bae3395f0b65836599,preserve,
C:\1212\artifacts\taba-opus-design-review\2026-07-31\diagnostics\PROTOTYPE_VALIDATION.md,8014,handoff/notebook-20261003-external-qa-evidence,docs/handoff/notebook-20261003/external/qa-evidence/0255-PROTOTYPE_VALIDATION.md,f3f1e68dc6d04831b5b553f39902a4dbb8342618,preserve,
C:\1212\artifacts\taba-opus-design-review\2026-07-31\diagnostics\validate.mjs,6661,handoff/notebook-20261003-external-qa-evidence,docs/handoff/notebook-20261003/external/qa-evidence/0256-validate.mjs,2264c4c8134c8a96c7a75c093c1383455a6db9c0,preserve,
C:\1212\artifacts\taba-opus-design-review\2026-07-31\implementation\COMMIT_PLAN.md,5844,handoff/notebook-20261003-external-qa-evidence,docs/handoff/notebook-20261003/external/qa-evidence/0257-COMMIT_PLAN.md,636bf517ee43e086354112b3d48018d060473ff1,preserve,
C:\1212\artifacts\taba-opus-design-review\2026-07-31\implementation\COMPONENT_PLAN.md,4099,handoff/notebook-20261003-external-qa-evidence,docs/handoff/notebook-20261003/external/qa-evidence/0258-COMPONENT_PLAN.md,df51ecb6f3c78296bbac4c5237b277468835ff5b,preserve,
C:\1212\artifacts\taba-opus-design-review\2026-07-31\implementation\DEPENDENCY_GRAPH.md,8121,handoff/notebook-20261003-external-qa-evidence,docs/handoff/notebook-20261003/external/qa-evidence/0259-DEPENDENCY_GRAPH.md,756a7de67e68f97f4847089cbb0793b5dca44535,preserve,
C:\1212\artifacts\taba-opus-design-review\2026-07-31\implementation\FILE_CHANGE_MAP.md,11026,handoff/notebook-20261003-external-qa-evidence,docs/handoff/notebook-20261003/external/qa-evidence/0260-FILE_CHANGE_MAP.md,449df8e71583d479f6a1b81484d59c6d7d99b8d6,preserve,
C:\1212\artifacts\taba-opus-design-review\2026-07-31\implementation\IMPLEMENTATION_PLAN.md,6435,handoff/notebook-20261003-external-qa-evidence,docs/handoff/notebook-20261003/external/qa-evidence/0261-IMPLEMENTATION_PLAN.md,40e3e72845e370d37c3b301468c9bc3abb85cf6e,preserve,
C:\1212\artifacts\taba-opus-design-review\2026-07-31\implementation\REGRESSION_RISKS.md,6221,handoff/notebook-20261003-external-qa-evidence,docs/handoff/notebook-20261003/external/qa-evidence/0262-REGRESSION_RISKS.md,59f829091f4e094f80ffbe18553e8357f03e6582,preserve,
C:\1212\artifacts\taba-opus-design-review\2026-07-31\implementation\RISK_REGISTER.md,5847,handoff/notebook-20261003-external-qa-evidence,docs/handoff/notebook-20261003/external/qa-evidence/0263-RISK_REGISTER.md,71b794514db6ddbaa5921eef496703a28c488131,preserve,
C:\1212\artifacts\taba-opus-design-review\2026-07-31\implementation\TEST_PLAN.md,5276,handoff/notebook-20261003-external-qa-evidence,docs/handoff/notebook-20261003/external/qa-evidence/0264-TEST_PLAN.md,1d6be9799b2ed281f7355ff2b8660620dcb306f6,preserve,
C:\1212\artifacts\taba-opus-design-review\2026-07-31\prototypes\proto-shared.css,24432,handoff/notebook-20261003-external-qa-evidence,docs/handoff/notebook-20261003/external/qa-evidence/0265-proto-shared.css,b7a53e4156c2fcb981b4d7e9c4061f62237c742b,preserve,
C:\1212\artifacts\taba-opus-design-review\2026-07-31\prototypes\prototype-business-desktop.html,27227,handoff/notebook-20261003-external-business-fiscal,docs/handoff/notebook-20261003/external/business-fiscal/0266-prototype-business-desktop.html,caf6d5a96ff2360b4da863343dc0f7478c7b31c5,preserve,
C:\1212\artifacts\taba-opus-design-review\2026-07-31\prototypes\prototype-business-mobile.html,31360,handoff/notebook-20261003-external-business-fiscal,docs/handoff/notebook-20261003/external/business-fiscal/0267-prototype-business-mobile.html,54c86ef66a7e2a21af01a0baed895e6a2846a0db,preserve,
C:\1212\artifacts\taba-opus-design-review\2026-07-31\prototypes\prototype-catalog-desktop.html,26269,handoff/notebook-20261003-external-catalog-frontend,docs/handoff/notebook-20261003/external/catalog-frontend/0268-prototype-catalog-desktop.html,fab230f77502f050822ca5a28bdf274cf4727054,preserve,
C:\1212\artifacts\taba-opus-design-review\2026-07-31\prototypes\prototype-catalog-mobile.html,31018,handoff/notebook-20261003-external-catalog-frontend,docs/handoff/notebook-20261003/external/catalog-frontend/0269-prototype-catalog-mobile.html,935692b3e53cfb6f7033dccd46a7b54369e36112,preserve,
C:\1212\artifacts\taba-opus-design-review\2026-07-31\prototypes\prototype-rider-android.html,33132,handoff/notebook-20261003-external-rider,docs/handoff/notebook-20261003/external/rider/0270-prototype-rider-android.html,ebc952f0f002e2d23aca1ba0f9ec2831eecc842c,preserve,
C:\1212\artifacts\taba-opus-design-review\2026-07-31\rider-android\RIDER_ANDROID_ARCHITECTURE.md,9032,handoff/notebook-20261003-external-rider,docs/handoff/notebook-20261003/external/rider/0271-RIDER_ANDROID_ARCHITECTURE.md,116ade86d648c6f1704fdad835da41a8b7560c4f,preserve,
C:\1212\artifacts\taba-opus-design-review\2026-07-31\rider-android\RIDER_ANDROID_BACKEND_CONTRACT.md,6712,handoff/notebook-20261003-external-rider,docs/handoff/notebook-20261003/external/rider/0272-RIDER_ANDROID_BACKEND_CONTRACT.md,11611218ceaf6df5f0aba6aaa33a7b40c8a55895,preserve,
C:\1212\artifacts\taba-opus-design-review\2026-07-31\rider-android\RIDER_ANDROID_LOCATION_STRATEGY.md,5198,handoff/notebook-20261003-external-rider,docs/handoff/notebook-20261003/external/rider/0273-RIDER_ANDROID_LOCATION_STRATEGY.md,103abd8bf6b2a9ec7ddf42238944e734d83f2d5c,preserve,
C:\1212\artifacts\taba-opus-design-review\2026-07-31\rider-android\RIDER_ANDROID_MIGRATION_PLAN.md,5273,handoff/notebook-20261003-external-rider,docs/handoff/notebook-20261003/external/rider/0274-RIDER_ANDROID_MIGRATION_PLAN.md,8df4aa34024e935273834e3243824e95e2f20729,preserve,
C:\1212\artifacts\taba-opus-design-review\2026-07-31\rider-android\RIDER_ANDROID_NOTIFICATIONS.md,2970,handoff/notebook-20261003-external-rider,docs/handoff/notebook-20261003/external/rider/0275-RIDER_ANDROID_NOTIFICATIONS.md,533679a744ed3b66c3b3d899a7dd775862e1ee84,preserve,
C:\1212\artifacts\taba-opus-design-review\2026-07-31\rider-android\RIDER_ANDROID_OBSERVABILITY.md,3289,handoff/notebook-20261003-external-rider,docs/handoff/notebook-20261003/external/rider/0276-RIDER_ANDROID_OBSERVABILITY.md,533fade9d528fdaf9beae507eef8c8baef460aed,preserve,
C:\1212\artifacts\taba-opus-design-review\2026-07-31\rider-android\RIDER_ANDROID_OFFLINE_STRATEGY.md,6863,handoff/notebook-20261003-external-rider,docs/handoff/notebook-20261003/external/rider/0277-RIDER_ANDROID_OFFLINE_STRATEGY.md,930071ad00f8a99aa524652cae05ff254389e7ac,preserve,
C:\1212\artifacts\taba-opus-design-review\2026-07-31\rider-android\RIDER_ANDROID_PERMISSIONS.md,3642,handoff/notebook-20261003-external-rider,docs/handoff/notebook-20261003/external/rider/0278-RIDER_ANDROID_PERMISSIONS.md,5888282b53f94051ec750c056c77685f3254da13,preserve,
C:\1212\artifacts\taba-opus-design-review\2026-07-31\rider-android\RIDER_ANDROID_PRODUCT_SPEC.md,6277,handoff/notebook-20261003-external-rider,docs/handoff/notebook-20261003/external/rider/0279-RIDER_ANDROID_PRODUCT_SPEC.md,ede7a2c42b10a74a42123cc867bf7eaef85774f1,preserve,
C:\1212\artifacts\taba-opus-design-review\2026-07-31\rider-android\RIDER_ANDROID_RISK_REGISTER.md,5947,handoff/notebook-20261003-external-rider,docs/handoff/notebook-20261003/external/rider/0280-RIDER_ANDROID_RISK_REGISTER.md,d74fcbc3d737cf2e793a90a91c11efd3bd6988f7,preserve,
C:\1212\artifacts\taba-opus-design-review\2026-07-31\rider-android\RIDER_ANDROID_SECURITY.md,6225,handoff/notebook-20261003-external-rider,docs/handoff/notebook-20261003/external/rider/0281-RIDER_ANDROID_SECURITY.md,1d98689536c787b30f95a14e88c285a20241c40a,preserve,
C:\1212\artifacts\taba-opus-design-review\2026-07-31\rider-android\RIDER_ANDROID_STATE_MACHINE.md,6555,handoff/notebook-20261003-external-rider,docs/handoff/notebook-20261003/external/rider/0282-RIDER_ANDROID_STATE_MACHINE.md,807805055eb708a5b9ceb8939387c5a655706465,preserve,
C:\1212\artifacts\taba-opus-design-review\2026-07-31\rider-android\RIDER_ANDROID_TEST_PLAN.md,6290,handoff/notebook-20261003-external-rider,docs/handoff/notebook-20261003/external/rider/0283-RIDER_ANDROID_TEST_PLAN.md,caf0ddcd0e5c15c5a659de217af4fadce72b8852,preserve,
C:\1212\artifacts\taba-opus-design-review\2026-07-31\rider-android\RIDER_ANDROID_UX_SPEC.md,7610,handoff/notebook-20261003-external-rider,docs/handoff/notebook-20261003/external/rider/0284-RIDER_ANDROID_UX_SPEC.md,5a72150ade991a68cc1bf7aa95bf3cc5eb540641,preserve,
C:\1212\artifacts\taba-opus-design-review\2026-07-31\screenshots\BEFORE_AFTER_BOARD.html,17263,handoff/notebook-20261003-external-qa-evidence,docs/handoff/notebook-20261003/external/qa-evidence/0285-BEFORE_AFTER_BOARD.html,f668e35025e57dd1ee693c481456fbc0543bfdf0,preserve,
C:\1212\artifacts\taba-opus-design-review\2026-07-31-v2\V2_CHANGELOG.md,8041,handoff/notebook-20261003-external-qa-evidence,docs/handoff/notebook-20261003/external/qa-evidence/0286-V2_CHANGELOG.md,7687f4ef18601a49c90e43d9a68365386cb2a160,preserve,
C:\1212\artifacts\taba-opus-design-review\2026-07-31-v2\V2_DECISIONS.md,9426,handoff/notebook-20261003-external-qa-evidence,docs/handoff/notebook-20261003/external/qa-evidence/0287-V2_DECISIONS.md,685901d0a2f9947602f66bfc243d5dd4b382f9eb,preserve,
C:\1212\artifacts\taba-opus-design-review\2026-07-31-v2\V2_EXECUTIVE_SUMMARY.md,5745,handoff/notebook-20261003-external-qa-evidence,docs/handoff/notebook-20261003/external/qa-evidence/0288-V2_EXECUTIVE_SUMMARY.md,a077ef9b5ee4b79e6d3f23c02a28ad4445339674,preserve,
C:\1212\artifacts\taba-opus-design-review\2026-07-31-v2\V2_IMPLEMENTATION_HANDOFF.md,7911,handoff/notebook-20261003-external-qa-evidence,docs/handoff/notebook-20261003/external/qa-evidence/0289-V2_IMPLEMENTATION_HANDOFF.md,13677c559a6184fd73bc044c45642960f7e9868f,preserve,
C:\1212\artifacts\taba-opus-design-review\2026-07-31-v2\V2_VALIDATION.md,6443,handoff/notebook-20261003-external-qa-evidence,docs/handoff/notebook-20261003/external/qa-evidence/0290-V2_VALIDATION.md,f4669c9e483ee7a659ce0d541bd45db9607003c4,preserve,
C:\1212\artifacts\taba-opus-design-review\2026-07-31-v2\closure\capture.mjs,2840,handoff/notebook-20261003-external-qa-evidence,docs/handoff/notebook-20261003/external/qa-evidence/0291-capture.mjs,67951f1b0c598390882f20c64cc3717d06ce5c36,preserve,
C:\1212\artifacts\taba-opus-design-review\2026-07-31-v2\closure\CLOSURE_DECISIONS.md,2950,handoff/notebook-20261003-external-qa-evidence,docs/handoff/notebook-20261003/external/qa-evidence/0292-CLOSURE_DECISIONS.md,ea376b36a97f55a9d1ed50ae5ff65a46dd67c78e,preserve,
C:\1212\artifacts\taba-opus-design-review\2026-07-31-v2\closure\CLOSURE_VALIDATION.md,2469,handoff/notebook-20261003-external-qa-evidence,docs/handoff/notebook-20261003/external/qa-evidence/0293-CLOSURE_VALIDATION.md,5a003c0b5b47dacd3373ccbef1aa8027b52d9034,preserve,
C:\1212\artifacts\taba-opus-design-review\2026-07-31-v2\closure\IMPLEMENTATION_DELTA.md,1676,handoff/notebook-20261003-external-qa-evidence,docs/handoff/notebook-20261003/external/qa-evidence/0294-IMPLEMENTATION_DELTA.md,555301389bb00be97f5a7a77227c1c8af38589a6,preserve,
C:\1212\artifacts\taba-opus-design-review\2026-07-31-v2\closure\prototype-business-desktop.html,30935,handoff/notebook-20261003-external-business-fiscal,docs/handoff/notebook-20261003/external/business-fiscal/0295-prototype-business-desktop.html,f21ffc49304171a0033c9322a05768afeb322dce,preserve,
C:\1212\artifacts\taba-opus-design-review\2026-07-31-v2\closure\prototype-catalog-mobile.html,31739,handoff/notebook-20261003-external-catalog-frontend,docs/handoff/notebook-20261003/external/catalog-frontend/0296-prototype-catalog-mobile.html,e5500e2e5af2785625a08ee50aa8e9d9bdbb72bc,preserve,
C:\1212\artifacts\taba-opus-design-review\2026-07-31-v2\closure\prototype-checkout-mobile.html,26333,handoff/notebook-20261003-external-qa-evidence,docs/handoff/notebook-20261003/external/qa-evidence/0297-prototype-checkout-mobile.html,7da7f0a4db8a2a9b772f69f0a731a3c9677ae490,preserve,
C:\1212\artifacts\taba-opus-design-review\2026-07-31-v2\closure\prototype-rider-android.html,48008,handoff/notebook-20261003-external-rider,docs/handoff/notebook-20261003/external/rider/0298-prototype-rider-android.html,dd0a08a3209959f83d7e96d119991fd92c10d58a,preserve,
C:\1212\artifacts\taba-opus-design-review\2026-07-31-v2\closure\validate.mjs,8025,handoff/notebook-20261003-external-qa-evidence,docs/handoff/notebook-20261003/external/qa-evidence/0299-validate.mjs,15bbe694049824377cdd3779800fde412ccdc4f6,preserve,
C:\1212\artifacts\taba-opus-design-review\2026-07-31-v2\design-system\taba-tokens.css,6339,handoff/notebook-20261003-external-qa-evidence,docs/handoff/notebook-20261003/external/qa-evidence/0300-taba-tokens.css,0f338367f336760c1cbe84273027b6703f789fd0,preserve,
C:\1212\artifacts\taba-opus-design-review\2026-07-31-v2\diagnostics\capture.mjs,8189,handoff/notebook-20261003-external-qa-evidence,docs/handoff/notebook-20261003/external/qa-evidence/0301-capture.mjs,b993eb85d6dd479454aa93d3557e9577d678e65a,preserve,
C:\1212\artifacts\taba-opus-design-review\2026-07-31-v2\diagnostics\patch_rider.py,14086,handoff/notebook-20261003-external-rider,docs/handoff/notebook-20261003/external/rider/0302-patch_rider.py,48c128cb6070f83e6c148300eb8ee66ebbb3a72f,preserve,
C:\1212\artifacts\taba-opus-design-review\2026-07-31-v2\diagnostics\validate.mjs,6970,handoff/notebook-20261003-external-qa-evidence,docs/handoff/notebook-20261003/external/qa-evidence/0303-validate.mjs,b40e921b89859f6b11fbcedb0412dd5cca6b5976,preserve,
C:\1212\artifacts\taba-opus-design-review\2026-07-31-v2\prototypes\proto-shared.css,24946,handoff/notebook-20261003-external-qa-evidence,docs/handoff/notebook-20261003/external/qa-evidence/0304-proto-shared.css,9b085e4d590a23717f85048925f3a3ef8a2a3ad7,preserve,
C:\1212\artifacts\taba-opus-design-review\2026-07-31-v2\prototypes\prototype-business-desktop.html,30478,handoff/notebook-20261003-external-business-fiscal,docs/handoff/notebook-20261003/external/business-fiscal/0305-prototype-business-desktop.html,db914c3c39787f1deb5dcc2b91cc0680be01073b,preserve,
C:\1212\artifacts\taba-opus-design-review\2026-07-31-v2\prototypes\prototype-catalog-mobile.html,31292,handoff/notebook-20261003-external-catalog-frontend,docs/handoff/notebook-20261003/external/catalog-frontend/0306-prototype-catalog-mobile.html,8819cf236f0c6b04e8ca1e8efadc5c8f0ef84fce,preserve,
C:\1212\artifacts\taba-opus-design-review\2026-07-31-v2\prototypes\prototype-checkout-mobile.html,26319,handoff/notebook-20261003-external-qa-evidence,docs/handoff/notebook-20261003/external/qa-evidence/0307-prototype-checkout-mobile.html,ccabcff6c3cbcddbd1369cc9976ad2a5b952fb93,preserve,
C:\1212\artifacts\taba-opus-design-review\2026-07-31-v2\prototypes\prototype-rider-android.html,47327,handoff/notebook-20261003-external-rider,docs/handoff/notebook-20261003/external/rider/0308-prototype-rider-android.html,ca7868d187a60da52ce909a0812287b09acd6d7e,preserve,
C:\1212\artifacts\taba-opus-design-review\tools\capture-current.mjs,10635,handoff/notebook-20261003-external-qa-evidence,docs/handoff/notebook-20261003/external/qa-evidence/0309-capture-current.mjs,963c5f3211ca6753c45ced40d939ef8364681228,preserve,
C:\1212\artifacts\taba-opus-design-review\tools\capture-prototypes.mjs,7619,handoff/notebook-20261003-external-qa-evidence,docs/handoff/notebook-20261003/external/qa-evidence/0310-capture-prototypes.mjs,11d09151101f3f39681afb95ee7adcd331da4dca,preserve,
C:\1212\artifacts\taba-opus-design-review\tools\debug-fold.mjs,1267,handoff/notebook-20261003-external-qa-evidence,docs/handoff/notebook-20261003/external/qa-evidence/0311-debug-fold.mjs,5036b54e29b04f710d8d097d69eeca65c03be1a1,preserve,
C:\1212\artifacts\taba-opus-design-review\tools\dump-catalog.mjs,2870,handoff/notebook-20261003-external-catalog-frontend,docs/handoff/notebook-20261003/external/catalog-frontend/0312-dump-catalog.mjs,c45bbe1e6302eac15c18b8d137fc85ff4220d274,preserve,
C:\1212\artifacts\taba-opus-design-review\tools\fix-cta.mjs,560,handoff/notebook-20261003-external-qa-evidence,docs/handoff/notebook-20261003/external/qa-evidence/0313-fix-cta.mjs,4eb9cb081f32f68d3351a08b9f86e42c2583b848,preserve,
C:\1212\artifacts\taba-opus-design-review\tools\inspect-chars.mjs,843,handoff/notebook-20261003-external-qa-evidence,docs/handoff/notebook-20261003/external/qa-evidence/0314-inspect-chars.mjs,19b895589720e691d7ca6c334cf008a10595c13d,preserve,
C:\1212\artifacts\taba-opus-design-review\tools\measure-current.mjs,9334,handoff/notebook-20261003-external-qa-evidence,docs/handoff/notebook-20261003/external/qa-evidence/0315-measure-current.mjs,22b547742280ab2d41d87c78c549b21cecbae35a,preserve,
C:\1212\artifacts\taba-opus-design-review\tools\probe-bestsellers.mjs,1898,handoff/notebook-20261003-external-qa-evidence,docs/handoff/notebook-20261003/external/qa-evidence/0316-probe-bestsellers.mjs,c61f181ee7ccaf15074417c6fcbc7e591ece2a62,preserve,
C:\1212\artifacts\taba-opus-design-review\tools\probe-home-stability.mjs,1542,handoff/notebook-20261003-external-catalog-frontend,docs/handoff/notebook-20261003/external/catalog-frontend/0317-probe-home-stability.mjs,6ae419fa8feb130997361f4e78a9af4d0d579856,preserve,
C:\1212\artifacts\taba-opus-design-review\tools\repair-chars.mjs,925,handoff/notebook-20261003-external-qa-evidence,docs/handoff/notebook-20261003/external/qa-evidence/0318-repair-chars.mjs,7409609e5613b5013aeb768d804060260df546f3,preserve,
C:\1212\artifacts\taba-opus-design-review\tools\repair-chars2.mjs,1179,handoff/notebook-20261003-external-qa-evidence,docs/handoff/notebook-20261003/external/qa-evidence/0319-repair-chars2.mjs,69dac0426887eede362320752ec042a41e1a3662,preserve,
C:\1212\artifacts\taba-opus-design-review\tools\static-server.mjs,1973,handoff/notebook-20261003-external-qa-evidence,docs/handoff/notebook-20261003/external/qa-evidence/0320-static-server.mjs,2fae67c9534e4b62f9b63101a906def600fe5c31,preserve,
C:\1212\artifacts\taba-order-engineering-gate1\ARCHITECTURE_AUDIT.md,15637,handoff/notebook-20261003-external-backend-qa,docs/handoff/notebook-20261003/external/backend-qa/0321-ARCHITECTURE_AUDIT.md,47a55a0183f520d5dc9913cea818298b43197dd5,preserve,
C:\1212\artifacts\taba-order-engineering-gate1\DESIGN_AND_MIGRATIONS.md,8152,handoff/notebook-20261003-external-backend-qa,docs/handoff/notebook-20261003/external/backend-qa/0322-DESIGN_AND_MIGRATIONS.md,6488ec75c01a914686cb8ca6f1a10ae70af2e3de,preserve,
C:\1212\artifacts\taba-order-engineering-gate1\FINAL_CERTIFICATION.md,6204,handoff/notebook-20261003-external-backend-qa,docs/handoff/notebook-20261003/external/backend-qa/0323-FINAL_CERTIFICATION.md,6b6e39dd56ac2d39d281d9b1651cf540d67bb606,preserve,
C:\1212\artifacts\taba-order-engineering-gate1\LIVE_CERTIFICATION.md,5924,handoff/notebook-20261003-external-backend-qa,docs/handoff/notebook-20261003/external/backend-qa/0324-LIVE_CERTIFICATION.md,c8f5ba6381174bcc42de717eaf12566c0b8d911c,preserve,
C:\1212\artifacts\taba-order-engineering-gate1\VALIDATION.md,10161,handoff/notebook-20261003-external-backend-qa,docs/handoff/notebook-20261003/external/backend-qa/0325-VALIDATION.md,af88f73e20a07217b4304cc455d613258773e030,preserve,
C:\1212\artifacts\taba-packshots-promos-review\ASSET_SOURCES.md,4682,handoff/notebook-20261003-external-catalog-frontend,docs/handoff/notebook-20261003/external/catalog-frontend/0326-ASSET_SOURCES.md,0a8a2664dc7e0534b23dbbbe73ab7aef629fb8b7,preserve,
C:\1212\artifacts\taba-packshots-promos-review\BLOCKED_PROMOTIONS.md,2388,handoff/notebook-20261003-external-catalog-frontend,docs/handoff/notebook-20261003/external/catalog-frontend/0327-BLOCKED_PROMOTIONS.md,6b49693af490ddaf4ec9fb1172d437a5f17ab067,preserve,
C:\1212\artifacts\taba-packshots-promos-review\PACKSHOT_BEFORE_AFTER.md,4657,handoff/notebook-20261003-external-catalog-frontend,docs/handoff/notebook-20261003/external/catalog-frontend/0328-PACKSHOT_BEFORE_AFTER.md,33e17b76e035e75ee48ed1b1bd5c5b13b093dbd0,preserve,
C:\1212\artifacts\taba-packshots-promos-review\PROMOTION_RULES.md,5412,handoff/notebook-20261003-external-catalog-frontend,docs/handoff/notebook-20261003/external/catalog-frontend/0329-PROMOTION_RULES.md,3375ecd9da9f29b53bfeac54f095ffaec191c85a,preserve,
C:\1212\artifacts\taba-packshots-promos-review\VALIDATION.md,5436,handoff/notebook-20261003-external-catalog-frontend,docs/handoff/notebook-20261003/external/catalog-frontend/0330-VALIDATION.md,baf4ece4ffe0a91b85d7667a770c76dece3a4ceb,preserve,
C:\1212\artifacts\taba-real-orders-staging\BUSINESS_PANEL_TEST.md,2874,handoff/notebook-20261003-external-business-fiscal,docs/handoff/notebook-20261003/external/business-fiscal/0331-BUSINESS_PANEL_TEST.md,abfe5070670da19dbf317e4c1526b715e1024eeb,preserve,
C:\1212\artifacts\taba-real-orders-staging\serve-taba-staging.mjs,3249,handoff/notebook-20261003-external-backend-qa,docs/handoff/notebook-20261003/external/backend-qa/0333-serve-taba-staging.mjs,4bcef31aed5aaad2a0f271ef5c2abfe01a1e0fbf,preserve,
C:\1212\artifacts\taba-real-orders-staging\STAGING_REPORT.md,7227,handoff/notebook-20261003-external-backend-qa,docs/handoff/notebook-20261003/external/backend-qa/0334-STAGING_REPORT.md,a22eda1ff3405d649fa441532348cdc4bd39e5cc,preserve,
C:\1212\artifacts\taba-real-orders-staging\TEST_ACCOUNTS.md,882,handoff/notebook-20261003-external-backend-qa,docs/handoff/notebook-20261003/external/backend-qa/0335-TEST_ACCOUNTS.md,e10dbf08bdbc0237a3ae588b7ec5d68adfaf77d7,preserve,
C:\1212\artifacts\taba-real-orders-staging\WALTER_GUIDE.md,2388,handoff/notebook-20261003-external-backend-qa,docs/handoff/notebook-20261003/external/backend-qa/0336-WALTER_GUIDE.md,f1fae5388cf0d1825b3fb645ab953aff8b8a1f5b,preserve,
C:\1212\artifacts\taba-real-orders-staging\logs\staging-static-server.mjs,2677,handoff/notebook-20261003-external-backend-qa,docs/handoff/notebook-20261003/external/backend-qa/0338-staging-static-server.mjs,978871105640da29731039908a273a1b85928d25,preserve,
C:\1212\artifacts\taba-real-pilot-staging\auth-fns.sql,250,handoff/notebook-20261003-external-backend-qa,docs/handoff/notebook-20261003/external/backend-qa/0339-auth-fns.sql,db32c8828d396b117be9175997f5fa37546baa8c,preserve,
C:\1212\artifacts\taba-real-pilot-staging\auth-users-columns.sql,171,handoff/notebook-20261003-external-backend-qa,docs/handoff/notebook-20261003/external/backend-qa/0340-auth-users-columns.sql,be7ccc2559777949efde745df209c2efb5fdcb77,preserve,
C:\1212\artifacts\taba-real-pilot-staging\auth-users-triggers.sql,451,handoff/notebook-20261003-external-backend-qa,docs/handoff/notebook-20261003/external/backend-qa/0341-auth-users-triggers.sql,8a56e7e4097d8ca8cea1b454fd2ad426f615a0ca,preserve,
C:\1212\artifacts\taba-real-pilot-staging\business-constraints.sql,164,handoff/notebook-20261003-external-business-fiscal,docs/handoff/notebook-20261003/external/business-fiscal/0342-business-constraints.sql,658ec2dd0f195ba1751c4ad92e7199cd05e44578,preserve,
C:\1212\artifacts\taba-real-pilot-staging\constraint-business-members.sql,153,handoff/notebook-20261003-external-business-fiscal,docs/handoff/notebook-20261003/external/business-fiscal/0343-constraint-business-members.sql,c8aa5dd1a9e57a2b758caf88107eabc2013ae254,preserve,
C:\1212\artifacts\taba-real-pilot-staging\FINAL_REPORT.md,2225,handoff/notebook-20261003-external-backend-qa,docs/handoff/notebook-20261003/external/backend-qa/0344-FINAL_REPORT.md,0690120d8ac9c40d342e80d5049e7394ea165991,preserve,
C:\1212\artifacts\taba-real-pilot-staging\inspect-import-func.sql,118,handoff/notebook-20261003-external-backend-qa,docs/handoff/notebook-20261003/external/backend-qa/0345-inspect-import-func.sql,44951524d0d9c9464976950902e931ac6e6e2207,preserve,
C:\1212\artifacts\taba-real-pilot-staging\REAL_DELIVERY_RUNBOOK.md,986,handoff/notebook-20261003-external-rider,docs/handoff/notebook-20261003/external/rider/0346-REAL_DELIVERY_RUNBOOK.md,6a47b322de63f566f628446bb9097f9a99619f98,preserve,
C:\1212\artifacts\taba-real-pilot-staging\remote-audit-business.sql,99,handoff/notebook-20261003-external-business-fiscal,docs/handoff/notebook-20261003/external/business-fiscal/0347-remote-audit-business.sql,f0867824cb0327248067aa8a307910ba60c5a504,preserve,
C:\1212\artifacts\taba-real-pilot-staging\remote-audit-counts.sql,799,handoff/notebook-20261003-external-backend-qa,docs/handoff/notebook-20261003/external/backend-qa/0348-remote-audit-counts.sql,c657de069aa74c3c1dd3aeb8ee4320e4311c28e3,preserve,
C:\1212\artifacts\taba-real-pilot-staging\remote-audit-rls.sql,282,handoff/notebook-20261003-external-backend-qa,docs/handoff/notebook-20261003/external/backend-qa/0349-remote-audit-rls.sql,fa4ec0d776414e08d0f75a6c1e5f303cd33a5d08,preserve,
C:\1212\artifacts\taba-real-pilot-staging\remote-audit.sql,966,handoff/notebook-20261003-external-backend-qa,docs/handoff/notebook-20261003/external/backend-qa/0350-remote-audit.sql,7994ec18c8c497d89ac1db6ef765bfe4268ab20d,preserve,
C:\1212\artifacts\taba-real-pilot-staging\remote-auth-admin-fns.sql,158,handoff/notebook-20261003-external-backend-qa,docs/handoff/notebook-20261003/external/backend-qa/0351-remote-auth-admin-fns.sql,700412af5a8b1d359e7ea5974204e6d587d3f129,preserve,
C:\1212\artifacts\taba-real-pilot-staging\remote-auth-orphans.sql,272,handoff/notebook-20261003-external-backend-qa,docs/handoff/notebook-20261003/external/backend-qa/0352-remote-auth-orphans.sql,ba5364f194dcc4fd9743e6cc0a088dd45157170b,preserve,
C:\1212\artifacts\taba-real-pilot-staging\remote-auth-users-final.sql,178,handoff/notebook-20261003-external-backend-qa,docs/handoff/notebook-20261003/external/backend-qa/0353-remote-auth-users-final.sql,43d57160c665161d4b5a0d0da4d5b73c625f1a08,preserve,
C:\1212\artifacts\taba-real-pilot-staging\remote-auth-users.sql,120,handoff/notebook-20261003-external-backend-qa,docs/handoff/notebook-20261003/external/backend-qa/0354-remote-auth-users.sql,5ec3b22882233ec9dcbc2b04b629f08b256068f1,preserve,
C:\1212\artifacts\taba-real-pilot-staging\seed-qa-staging-fixed.sql,2598,handoff/notebook-20261003-external-backend-qa,docs/handoff/notebook-20261003/external/backend-qa/0355-seed-qa-staging-fixed.sql,02b98b187156bc5db2d7950475bba002bb9b54c0,preserve,
C:\1212\artifacts\taba-real-pilot-staging\seed-qa-staging.sql,2308,handoff/notebook-20261003-external-backend-qa,docs/handoff/notebook-20261003/external/backend-qa/0356-seed-qa-staging.sql,72e774252d12a6e5f8ce053dc16d1047fcd23147,preserve,
C:\1212\artifacts\taba-real-pilot-staging\staging-table-schema-addresses.sql,186,handoff/notebook-20261003-external-backend-qa,docs/handoff/notebook-20261003/external/backend-qa/0357-staging-table-schema-addresses.sql,3aa0c27e701c159c275093e96ceb05ef957bb07e,preserve,
C:\1212\artifacts\taba-real-pilot-staging\staging-table-schema-business-members.sql,184,handoff/notebook-20261003-external-business-fiscal,docs/handoff/notebook-20261003/external/business-fiscal/0358-staging-table-schema-business-members.sql,0cae63d3549beef8cbe0ee951dfd4826db6d8afd,preserve,
C:\1212\artifacts\taba-real-pilot-staging\staging-table-schema-customers.sql,177,handoff/notebook-20261003-external-backend-qa,docs/handoff/notebook-20261003/external/backend-qa/0359-staging-table-schema-customers.sql,983048dda7b05f96818012c8d5623abd7515d61d,preserve,
C:\1212\artifacts\taba-real-pilot-staging\staging-table-schema.sql,541,handoff/notebook-20261003-external-backend-qa,docs/handoff/notebook-20261003/external/backend-qa/0360-staging-table-schema.sql,713f6e46b689ec377111220a2063b1112a1e21c2,preserve,
C:\1212\artifacts\taba-relay-reliable-sync\verification-summary.md,3062,handoff/notebook-20261003-external-qa-evidence,docs/handoff/notebook-20261003/external/qa-evidence/0361-verification-summary.md,b203aada7569134e770eb8065de12a79c648358a,preserve,
C:\1212\artifacts\taba-rider-gps-gate2\ARCHITECTURE_AUDIT.md,10650,handoff/notebook-20261003-external-rider,docs/handoff/notebook-20261003/external/rider/0362-ARCHITECTURE_AUDIT.md,872c1af51c4e027239bff58e94965c880c2c6a6a,preserve,
C:\1212\artifacts\taba-rider-gps-gate2\LIVE_PHYSICAL_TEST.md,1402,handoff/notebook-20261003-external-rider,docs/handoff/notebook-20261003/external/rider/0363-LIVE_PHYSICAL_TEST.md,c7a5026adb196dc8798974bf5e63fa26e011b130,preserve,
C:\1212\artifacts\taba-rider-gps-gate2\MOTO_G15_TEST.md,1198,handoff/notebook-20261003-external-rider,docs/handoff/notebook-20261003/external/rider/0364-MOTO_G15_TEST.md,e8775b75acce851c2d739edb94549ee7cf0c8ff4,preserve,
C:\1212\artifacts\taba-rider-gps-gate2\RIDER_CONCURRENCY.md,1203,handoff/notebook-20261003-external-rider,docs/handoff/notebook-20261003/external/rider/0365-RIDER_CONCURRENCY.md,bdee50efa6cbc9b1a19d74a0d350c88ee416f88f,preserve,
C:\1212\artifacts\taba-rider-gps-gate2\_https-runtime-server.mjs,3020,handoff/notebook-20261003-external-rider,docs/handoff/notebook-20261003/external/rider/0366-_https-runtime-server.mjs,29163945ec12513df657e8172d4ec6a2c4fddc29,preserve,
C:\1212\artifacts\taba-staging-pilot\REAL_PILOT_RUNBOOK.md,4526,handoff/notebook-20261003-external-backend-qa,docs/handoff/notebook-20261003/external/backend-qa/0367-REAL_PILOT_RUNBOOK.md,c036814d4baf9fc76cb62575baf247dcfcb8d12f,preserve,
C:\1212\artifacts\taba2-commercial-audit-fable5\auditoria-comercial.md,24388,handoff/notebook-20261003-external-commercial-media,docs/handoff/notebook-20261003/external/commercial-media/0369-auditoria-comercial.md,753fdacd748392e109a00867b7238130718c38c0,preserve,
C:\1212\artifacts\taba2-commercial-audit-fable5\mapa-de-friccion.md,8735,handoff/notebook-20261003-external-commercial-media,docs/handoff/notebook-20261003/external/commercial-media/0370-mapa-de-friccion.md,c9ddb09f464a74e19dee39f45ba917e36bf7540a,preserve,
C:\1212\artifacts\taba2-commercial-audit-fable5\plan-de-cierre.md,8917,handoff/notebook-20261003-external-commercial-media,docs/handoff/notebook-20261003/external/commercial-media/0371-plan-de-cierre.md,05f6ac8d8965a9c4a26c98c50db9a71a784c4a83,preserve,
C:\1212\artifacts\taba2-commercial-audit-fable5\scorecard.md,5408,handoff/notebook-20261003-external-commercial-media,docs/handoff/notebook-20261003/external/commercial-media/0372-scorecard.md,970175a0e19655aff0a2d8ca8498698053011ff9,preserve,
C:\1212\artifacts\taba2-commercial-audit-fable5\capturas-anotadas\INDEX.md,8013,handoff/notebook-20261003-external-commercial-media,docs/handoff/notebook-20261003/external/commercial-media/0373-INDEX.md,ad12ecbfe7458f79bda984200b604fc151bbaa81,preserve,
C:\1212\artifacts\taba2-mobile-brand-refresh\README.md,1469,handoff/notebook-20261003-external-qa-evidence,docs/handoff/notebook-20261003/external/qa-evidence/0374-README.md,59e77d784c48b7ccca511f48d8c80d262406d51e,preserve,
C:\1212\artifacts\taba2-mobile-brand-refresh\gate-2026-08-04\gate-chunks.ps1,2371,handoff/notebook-20261003-external-backend-qa,docs/handoff/notebook-20261003/external/backend-qa/0375-gate-chunks.ps1,bb9ce8ee13a092ccae12dee7f47b90e77ce272e0,preserve,
C:\1212\artifacts\taba2-mobile-brand-refresh\gate-2026-08-04\supervisor.ps1,1706,handoff/notebook-20261003-external-backend-qa,docs/handoff/notebook-20261003/external/backend-qa/0376-supervisor.ps1,b7e1142d8f76a9bec3413efdf772ca8bd911c22c,preserve,
C:\1212\artifacts\taba2-mobile-brand-refresh\gate-2026-08-04\pasada2\gate-chunks2.ps1,2220,handoff/notebook-20261003-external-backend-qa,docs/handoff/notebook-20261003/external/backend-qa/0377-gate-chunks2.ps1,b122fbc9dd1182d93cb1642e33efa6e919c46688,preserve,
C:\1212\artifacts\taba2-mobile-brand-refresh\gate-2026-08-04\pasada2\supervisor2.ps1,1809,handoff/notebook-20261003-external-backend-qa,docs/handoff/notebook-20261003/external/backend-qa/0378-supervisor2.ps1,7fa3b240fb86f057e6aba52ee0ca000a5914549d,preserve,
C:\1212\artifacts\taba2-mobile-brand-refresh\gate-2026-08-04\repro\taba2-brand-home-las-histo-4a0f0-l-aro-en-vez-de-desaparecer\error-context.md,12262,handoff/notebook-20261003-external-backend-qa,docs/handoff/notebook-20261003/external/backend-qa/0379-error-context.md,47f88ca650a31c0eb151d26dd72d9ffe79261e1e,preserve,
C:\1212\artifacts\taba2-storefront-motion\ACCESSIBILITY_REVIEW.md,541,handoff/notebook-20261003-external-catalog-frontend,docs/handoff/notebook-20261003/external/catalog-frontend/0380-ACCESSIBILITY_REVIEW.md,72a83b72e64ff5fc61336dc67df8e80cd90139ca,preserve,
C:\1212\artifacts\taba2-storefront-motion\MOTION_REVIEW.md,2355,handoff/notebook-20261003-external-catalog-frontend,docs/handoff/notebook-20261003/external/catalog-frontend/0381-MOTION_REVIEW.md,1a1ed2abc28812ef7790cba743d4224f9bad8cba,preserve,
C:\1212\artifacts\taba2-storefront-motion\PERFORMANCE_REVIEW.md,669,handoff/notebook-20261003-external-catalog-frontend,docs/handoff/notebook-20261003/external/catalog-frontend/0382-PERFORMANCE_REVIEW.md,b3dd8c1c5f150a03c93941852f979148582c440d,preserve,
C:\1212\artifacts\taba2-storefront-motion\firefox\FIREFOX_REVIEW.md,794,handoff/notebook-20261003-external-catalog-frontend,docs/handoff/notebook-20261003/external/catalog-frontend/0383-FIREFOX_REVIEW.md,39c8fcc93746f7871e73d38aacaf44a9bdb2ec5b,preserve,
C:\1212\artifacts\taba2-visual-closure\README.md,2807,handoff/notebook-20261003-external-qa-evidence,docs/handoff/notebook-20261003/external/qa-evidence/0384-README.md,956dc44ac6075da07f706965f5c66fcda7a475b9,preserve,
C:\1212\artifacts\walter\TABA_TECHNICAL_MAP.md,3950,handoff/notebook-20261003-external-qa-evidence,docs/handoff/notebook-20261003/external/qa-evidence/0385-TABA_TECHNICAL_MAP.md,b1c5de44a7b84a8d2abf1053d8cf5b7f522aad7e,preserve,
C:\1212\la-taba-mercadopago-oauth\artifacts\walter\PRODUCTION_GO_LIVE.md,8129,handoff/notebook-20261003-external-backend-qa,docs/handoff/notebook-20261003/external/backend-qa/0387-PRODUCTION_GO_LIVE.md,5ff96efefbc72be3e82665bc4e6465894886d49e,preserve,
C:\1212\la-taba-mercadopago-oauth\artifacts\walter\TABA_TECHNICAL_MAP.md,3950,handoff/notebook-20261003-external-backend-qa,docs/handoff/notebook-20261003/external/backend-qa/0388-TABA_TECHNICAL_MAP.md,b1c5de44a7b84a8d2abf1053d8cf5b7f522aad7e,preserve,
C:\1212\la-taba-mercadopago-oauth\artifacts\walter\WALTER_MIERCOLES.md,3976,handoff/notebook-20261003-external-backend-qa,docs/handoff/notebook-20261003/external/backend-qa/0389-WALTER_MIERCOLES.md,1bc65471affa2356003f2aba7097f2268eb84f6c,preserve,
C:\1212\la-taba-pages\supabase\config.toml,15594,handoff/notebook-20261003-external-qa-evidence,docs/handoff/notebook-20261003/external/qa-evidence/0390-config.toml,e8e845e9402ebd33005348ac7932a3c5d7350fe3,preserve,
C:\1212\la-taba-premium-catalog-launch\.local\agregar-fuentes.mjs,3218,handoff/notebook-20261003-external-catalog-frontend,docs/handoff/notebook-20261003/external/catalog-frontend/0391-agregar-fuentes.mjs,6a343c22a6a9543fc92af2d3dd9ffd1063c5ad6b,preserve,
C:\1212\la-taba-premium-catalog-launch\.local\arranque.mjs,2499,handoff/notebook-20261003-external-catalog-frontend,docs/handoff/notebook-20261003/external/catalog-frontend/0392-arranque.mjs,112e6fa6c757613f5977529a92200e3cec884d99,preserve,
C:\1212\la-taba-premium-catalog-launch\.local\audit-a11y.mjs,2122,handoff/notebook-20261003-external-catalog-frontend,docs/handoff/notebook-20261003/external/catalog-frontend/0393-audit-a11y.mjs,84514d22f9f48ad6a9e0fa6802e412bbc22eaa21,preserve,
C:\1212\la-taba-premium-catalog-launch\.local\audit-desc.mjs,2795,handoff/notebook-20261003-external-catalog-frontend,docs/handoff/notebook-20261003/external/catalog-frontend/0394-audit-desc.mjs,cb24e49e74340b78216aabc307582e77f0192014,preserve,
C:\1212\la-taba-premium-catalog-launch\.local\audit-ficha.mjs,3137,handoff/notebook-20261003-external-catalog-frontend,docs/handoff/notebook-20261003/external/catalog-frontend/0395-audit-ficha.mjs,33db681159cb85bfd6b7313cde112d9137557c07,preserve,
C:\1212\la-taba-premium-catalog-launch\.local\audit-flow.mjs,6765,handoff/notebook-20261003-external-catalog-frontend,docs/handoff/notebook-20261003/external/catalog-frontend/0396-audit-flow.mjs,d023f3ee0054ea2081a3caddbdf6f628d01bc0db,preserve,
C:\1212\la-taba-premium-catalog-launch\.local\audit-home-grid.mjs,4443,handoff/notebook-20261003-external-catalog-frontend,docs/handoff/notebook-20261003/external/catalog-frontend/0397-audit-home-grid.mjs,6845224671dbc343979a6dae69c406cc2d51e950,preserve,
C:\1212\la-taba-premium-catalog-launch\.local\audit-precache-live.mjs,1888,handoff/notebook-20261003-external-catalog-frontend,docs/handoff/notebook-20261003/external/catalog-frontend/0398-audit-precache-live.mjs,0b8781180918e21a79ebebb8e87f6b17372bce32,preserve,
C:\1212\la-taba-premium-catalog-launch\.local\audit-taba2.mjs,3386,handoff/notebook-20261003-external-catalog-frontend,docs/handoff/notebook-20261003/external/catalog-frontend/0399-audit-taba2.mjs,05bb3dcd6beef77c9955bab03962bbb6e8412010,preserve,
C:\1212\la-taba-premium-catalog-launch\.local\bbox.mjs,1156,handoff/notebook-20261003-external-catalog-frontend,docs/handoff/notebook-20261003/external/catalog-frontend/0400-bbox.mjs,df36fd67321b60af768a033a38601fd7a3c66f9b,preserve,
C:\1212\la-taba-premium-catalog-launch\.local\buscar.mjs,1907,handoff/notebook-20261003-external-catalog-frontend,docs/handoff/notebook-20261003/external/catalog-frontend/0401-buscar.mjs,bf3573dd65a89b0a50fe6cf5c11dfa7ac8aa4c1a,preserve,
C:\1212\la-taba-premium-catalog-launch\.local\catalogo.mjs,2164,handoff/notebook-20261003-external-catalog-frontend,docs/handoff/notebook-20261003/external/catalog-frontend/0402-catalogo.mjs,c918eb5ae729d7084e69d0a88471f91fa9e0a33e,preserve,
C:\1212\la-taba-premium-catalog-launch\.local\demo-card.mjs,530,handoff/notebook-20261003-external-catalog-frontend,docs/handoff/notebook-20261003/external/catalog-frontend/0403-demo-card.mjs,d3c5075b3508b65bd7bf4185c39217a4a2e1b019,preserve,
C:\1212\la-taba-premium-catalog-launch\.local\diag.mjs,1992,handoff/notebook-20261003-external-catalog-frontend,docs/handoff/notebook-20261003/external/catalog-frontend/0404-diag.mjs,cac6bcb4c82cca91181aef4738d5ae5c3777a504,preserve,
C:\1212\la-taba-premium-catalog-launch\.local\dims.mjs,854,handoff/notebook-20261003-external-catalog-frontend,docs/handoff/notebook-20261003/external/catalog-frontend/0405-dims.mjs,46a9f45a1561ca10f7bf383494aa7884a8508b48,preserve,
C:\1212\la-taba-premium-catalog-launch\.local\estado.mjs,1866,handoff/notebook-20261003-external-catalog-frontend,docs/handoff/notebook-20261003/external/catalog-frontend/0406-estado.mjs,b3cdf60c623995a8df5085f956b1e7b5842933e8,preserve,
C:\1212\la-taba-premium-catalog-launch\.local\explorar.mjs,1644,handoff/notebook-20261003-external-catalog-frontend,docs/handoff/notebook-20261003/external/catalog-frontend/0407-explorar.mjs,65d3adc33e098a69f6c75e15038f47a54806a6bb,preserve,
C:\1212\la-taba-premium-catalog-launch\.local\extender-lote.mjs,2409,handoff/notebook-20261003-external-catalog-frontend,docs/handoff/notebook-20261003/external/catalog-frontend/0408-extender-lote.mjs,f2ad55f582de236dee04a636c6818a29ed715038,preserve,
C:\1212\la-taba-premium-catalog-launch\.local\extender-lote2.mjs,2106,handoff/notebook-20261003-external-catalog-frontend,docs/handoff/notebook-20261003/external/catalog-frontend/0409-extender-lote2.mjs,61f2f870509a4dee2d503832fb41a29d13028f83,preserve,
C:\1212\la-taba-premium-catalog-launch\.local\medir-2.mjs,6514,handoff/notebook-20261003-external-catalog-frontend,docs/handoff/notebook-20261003/external/catalog-frontend/0410-medir-2.mjs,5cd5c137fb0d8bacc8b773572505fbfc8a458b78,preserve,
C:\1212\la-taba-premium-catalog-launch\.local\medir-3.mjs,5773,handoff/notebook-20261003-external-catalog-frontend,docs/handoff/notebook-20261003/external/catalog-frontend/0411-medir-3.mjs,b1d9d143f40a9966fea059135d10395bc0fb29d9,preserve,
C:\1212\la-taba-premium-catalog-launch\.local\medir-banda.mjs,1262,handoff/notebook-20261003-external-catalog-frontend,docs/handoff/notebook-20261003/external/catalog-frontend/0412-medir-banda.mjs,d42a6a14d1a2c764e4bb535c542b7ee040d1567b,preserve,
C:\1212\la-taba-premium-catalog-launch\.local\medir-candidatas.mjs,832,handoff/notebook-20261003-external-catalog-frontend,docs/handoff/notebook-20261003/external/catalog-frontend/0413-medir-candidatas.mjs,94f25efa5ca68ba7e36d51ae9218a533e3f3b64b,preserve,
C:\1212\la-taba-premium-catalog-launch\.local\medir-foto.mjs,5962,handoff/notebook-20261003-external-catalog-frontend,docs/handoff/notebook-20261003/external/catalog-frontend/0414-medir-foto.mjs,10e7326dba5ab5ee8fc2e044af526aa52481a2f5,preserve,
C:\1212\la-taba-premium-catalog-launch\.local\medir-imagenes-produccion.mjs,1601,handoff/notebook-20261003-external-catalog-frontend,docs/handoff/notebook-20261003/external/catalog-frontend/0415-medir-imagenes-produccion.mjs,0b3ef5c4010fe4d08a7783b47885e21f90da8757,preserve,
C:\1212\la-taba-premium-catalog-launch\.local\medir-reintento.mjs,1407,handoff/notebook-20261003-external-catalog-frontend,docs/handoff/notebook-20261003/external/catalog-frontend/0416-medir-reintento.mjs,cd0f3128f28dde61e68506068a534755421729d1,preserve,
C:\1212\la-taba-premium-catalog-launch\.local\medir-sano.mjs,991,handoff/notebook-20261003-external-catalog-frontend,docs/handoff/notebook-20261003/external/catalog-frontend/0417-medir-sano.mjs,541204def80f6f5f86d2425841fef74b49f0b552,preserve,
C:\1212\la-taba-premium-catalog-launch\.local\medir-tarjeta.mjs,8448,handoff/notebook-20261003-external-catalog-frontend,docs/handoff/notebook-20261003/external/catalog-frontend/0418-medir-tarjeta.mjs,84263ce79e6fffad95fc885329eb5b24af800b01,preserve,
C:\1212\la-taba-premium-catalog-launch\.local\nat.mjs,2066,handoff/notebook-20261003-external-catalog-frontend,docs/handoff/notebook-20261003/external/catalog-frontend/0419-nat.mjs,5aa4b7ca45c0c63388617e80e3c6ae246d0c1e6b,preserve,
C:\1212\la-taba-premium-catalog-launch\.local\nombre.mjs,725,handoff/notebook-20261003-external-catalog-frontend,docs/handoff/notebook-20261003/external/catalog-frontend/0420-nombre.mjs,781ef26bb2ce97169449ba4c99aaae2b37488df2,preserve,
C:\1212\la-taba-premium-catalog-launch\.local\orden.mjs,2067,handoff/notebook-20261003-external-catalog-frontend,docs/handoff/notebook-20261003/external/catalog-frontend/0421-orden.mjs,931d281420d896b48a72cc6e0ab0864b347d3bc5,preserve,
C:\1212\la-taba-premium-catalog-launch\.local\pliegue.mjs,1362,handoff/notebook-20261003-external-catalog-frontend,docs/handoff/notebook-20261003/external/catalog-frontend/0422-pliegue.mjs,eaba50921abc18631f712ae98b056804de50b729,preserve,
C:\1212\la-taba-premium-catalog-launch\.local\presupuesto.mjs,1870,handoff/notebook-20261003-external-catalog-frontend,docs/handoff/notebook-20261003/external/catalog-frontend/0423-presupuesto.mjs,ab885e470c0f3e9f665bf4f44981bdacfdf36db5,preserve,
C:\1212\la-taba-premium-catalog-launch\.local\probar-actualizacion.mjs,2130,handoff/notebook-20261003-external-catalog-frontend,docs/handoff/notebook-20261003/external/catalog-frontend/0424-probar-actualizacion.mjs,ac18644c37876814de98f31d25fc4fb36dd2b1be,preserve,
C:\1212\la-taba-premium-catalog-launch\.local\probar-install-roto.mjs,1833,handoff/notebook-20261003-external-catalog-frontend,docs/handoff/notebook-20261003/external/catalog-frontend/0425-probar-install-roto.mjs,4c651bc71f6189b439b98ca500e075cb884c7d26,preserve,
C:\1212\la-taba-premium-catalog-launch\.local\prod.mjs,666,handoff/notebook-20261003-external-catalog-frontend,docs/handoff/notebook-20261003/external/catalog-frontend/0426-prod.mjs,0c5eafa4699cbe6770fcc6053a829feeeaff3460,preserve,
C:\1212\la-taba-premium-catalog-launch\.local\prueba-propuesta.mjs,6126,handoff/notebook-20261003-external-catalog-frontend,docs/handoff/notebook-20261003/external/catalog-frontend/0427-prueba-propuesta.mjs,c371edd458e920d009b46da42c00b45682e8dd2e,preserve,
C:\1212\la-taba-premium-catalog-launch\.local\rail.mjs,707,handoff/notebook-20261003-external-catalog-frontend,docs/handoff/notebook-20261003/external/catalog-frontend/0428-rail.mjs,42b9b2fb4e09ddb6fcf99644eaf35b2ffa60ad80,preserve,
C:\1212\la-taba-premium-catalog-launch\.local\servidor-mutante.mjs,2744,handoff/notebook-20261003-external-catalog-frontend,docs/handoff/notebook-20261003/external/catalog-frontend/0429-servidor-mutante.mjs,5444bbcdbb32059c308e7879297f9645f7ad5e14,preserve,
C:\1212\la-taba-premium-catalog-launch\.local\speed.mjs,672,handoff/notebook-20261003-external-catalog-frontend,docs/handoff/notebook-20261003/external/catalog-frontend/0430-speed.mjs,56b8248eb374877c667ec941cf4e004c6e8bf6f2,preserve,
C:\1212\la-taba-premium-catalog-launch\.local\texto.mjs,1862,handoff/notebook-20261003-external-catalog-frontend,docs/handoff/notebook-20261003/external/catalog-frontend/0431-texto.mjs,ec455f74667a642bfe6a9644a4e6942c6b6d3f7e,preserve,
C:\1212\la-taba-premium-catalog-launch\.local\tramos.mjs,1773,handoff/notebook-20261003-external-catalog-frontend,docs/handoff/notebook-20261003/external/catalog-frontend/0432-tramos.mjs,7bea2a65e7cb5ca087d6a0d2da77002926242dbb,preserve,
C:\1212\la-taba-premium-catalog-launch\.local\vidriera.mjs,4840,handoff/notebook-20261003-external-catalog-frontend,docs/handoff/notebook-20261003/external/catalog-frontend/0433-vidriera.mjs,9a59363011cfe3c9cd335603d2fa0e3d79007803,preserve,
C:\1212\la-taba-premium-catalog-launch\.local\audit-promos\probe.mjs,1700,handoff/notebook-20261003-external-catalog-frontend,docs/handoff/notebook-20261003/external/catalog-frontend/0434-probe.mjs,b44219dcdfe80cf04f8519c3091aac91be762d1f,preserve,
C:\1212\la-taba-premium-catalog-launch\.local\mobile-audit\audit.mjs,11111,handoff/notebook-20261003-external-catalog-frontend,docs/handoff/notebook-20261003/external/catalog-frontend/0435-audit.mjs,b099310d17a2826847e701151b831e15d882c7d5,preserve,
C:\1212\la-taba-premium-catalog-launch\.local\mobile-audit\audit2.mjs,15970,handoff/notebook-20261003-external-catalog-frontend,docs/handoff/notebook-20261003/external/catalog-frontend/0436-audit2.mjs,e33e959ae97228a7aef9b2d131e651070b1a4c18,preserve,
C:\1212\la-taba-premium-catalog-launch\.local\mobile-audit\bg.mjs,1503,handoff/notebook-20261003-external-catalog-frontend,docs/handoff/notebook-20261003/external/catalog-frontend/0437-bg.mjs,cd92b3fa40a236da07fcb9a1414f1acbb3846c60,preserve,
C:\1212\la-taba-premium-catalog-launch\.local\mobile-audit\cssmatch.mjs,4596,handoff/notebook-20261003-external-catalog-frontend,docs/handoff/notebook-20261003/external/catalog-frontend/0438-cssmatch.mjs,50c498593e0953152c9acca81c67a80ec61482c6,preserve,
C:\1212\la-taba-premium-catalog-launch\.local\mobile-audit\fold.mjs,5826,handoff/notebook-20261003-external-catalog-frontend,docs/handoff/notebook-20261003/external/catalog-frontend/0439-fold.mjs,83765ba1b2170451ba6dd80690daa51bd3cd64cc,preserve,
C:\1212\la-taba-premium-catalog-launch\.local\mobile-audit\gaps.mjs,2563,handoff/notebook-20261003-external-catalog-frontend,docs/handoff/notebook-20261003/external/catalog-frontend/0440-gaps.mjs,1751e21d2cb3cd34a2db5a746b10478c804483fa,preserve,
C:\1212\la-taba-premium-catalog-launch\.local\mobile-audit\head2.mjs,1661,handoff/notebook-20261003-external-catalog-frontend,docs/handoff/notebook-20261003/external/catalog-frontend/0441-head2.mjs,bf2984f49230844602f7b7dd675150ef7386b75a,preserve,
C:\1212\la-taba-premium-catalog-launch\.local\mobile-audit\head320.mjs,2097,handoff/notebook-20261003-external-catalog-frontend,docs/handoff/notebook-20261003/external/catalog-frontend/0442-head320.mjs,6db660e0a6f85852fd5938b8b6a8be3781247d53,preserve,
C:\1212\la-taba-premium-catalog-launch\.local\mobile-audit\limpiar.mjs,1678,handoff/notebook-20261003-external-catalog-frontend,docs/handoff/notebook-20261003/external/catalog-frontend/0443-limpiar.mjs,715fb4ad26d3292fe542af6d2a52b0dcffa06282,preserve,
C:\1212\la-taba-premium-catalog-launch\.local\mobile-audit\overlap.mjs,4491,handoff/notebook-20261003-external-catalog-frontend,docs/handoff/notebook-20261003/external/catalog-frontend/0444-overlap.mjs,ae94346cef81478f851d5a4fa8407312f3dad43d,preserve,
C:\1212\la-taba-premium-catalog-launch\.local\mobile-audit\rail.mjs,1353,handoff/notebook-20261003-external-catalog-frontend,docs/handoff/notebook-20261003/external/catalog-frontend/0445-rail.mjs,4f1b7c6ee6081b8473ec77608e769a1ec581417d,preserve,
C:\1212\la-taba-premium-catalog-launch\.local\mobile-audit\safearea.mjs,5805,handoff/notebook-20261003-external-catalog-frontend,docs/handoff/notebook-20261003/external/catalog-frontend/0446-safearea.mjs,4ea646e196a89b582caaa3cf085bf32fa7dd5a16,preserve,
C:\1212\la-taba-premium-catalog-launch\.local\mobile-audit\taps.mjs,2451,handoff/notebook-20261003-external-catalog-frontend,docs/handoff/notebook-20261003/external/catalog-frontend/0447-taps.mjs,b18c80a22d7b57f7859931a68de8107862035960,preserve,
C:\1212\la-taba-premium-catalog-launch\.local\mobile-audit\villa.mjs,1448,handoff/notebook-20261003-external-catalog-frontend,docs/handoff/notebook-20261003/external/catalog-frontend/0448-villa.mjs,f34d31e396b1bed89ef31b59f8891dbcc97e48cc,preserve,
C:\1212\la-taba-premium-catalog-launch\.local\mobile-audit\villa2.mjs,1438,handoff/notebook-20261003-external-catalog-frontend,docs/handoff/notebook-20261003/external/catalog-frontend/0449-villa2.mjs,2043cb12f78ede651c24736b23cbe3a42c0eccc4,preserve,
C:\1212\la-taba2-argentina-ecommerce\artifacts\taba2-catalog-research\CATEGORY_COVERAGE.md,2227,handoff/notebook-20261003-external-catalog-frontend,docs/handoff/notebook-20261003/external/catalog-frontend/0450-CATEGORY_COVERAGE.md,b599aebb24f4dee2e80ff249716d29bec1e1ede7,preserve,
C:\1212\la-taba2-argentina-ecommerce\artifacts\taba2-catalog-research\CURRENT_CATALOG_AUDIT.md,733,handoff/notebook-20261003-external-catalog-frontend,docs/handoff/notebook-20261003/external/catalog-frontend/0451-CURRENT_CATALOG_AUDIT.md,0a37c6c24adafd93fc5bca547ce7a109ffb3109f,preserve,
C:\1212\la-taba2-argentina-ecommerce\artifacts\taba2-catalog-research\DUPLICATES.md,530,handoff/notebook-20261003-external-catalog-frontend,docs/handoff/notebook-20261003/external/catalog-frontend/0452-DUPLICATES.md,bff835548062441c6734fa81f84575979e704ddb,preserve,
C:\1212\la-taba2-argentina-ecommerce\artifacts\taba2-catalog-research\FINAL_CATALOG_COVERAGE.md,1137,handoff/notebook-20261003-external-catalog-frontend,docs/handoff/notebook-20261003/external/catalog-frontend/0453-FINAL_CATALOG_COVERAGE.md,6797c9f6eb1bca479a47f77bcba04d7e1758bc46,preserve,
C:\1212\la-taba2-argentina-ecommerce\artifacts\taba2-catalog-research\IMAGE_QUALITY_AUDIT.md,994,handoff/notebook-20261003-external-catalog-frontend,docs/handoff/notebook-20261003/external/catalog-frontend/0454-IMAGE_QUALITY_AUDIT.md,baf3c24d5fb2102684b70eff5d07ce8503f20be5,preserve,
C:\1212\la-taba2-argentina-ecommerce\artifacts\taba2-catalog-research\MISSING_PRODUCTS.md,1418,handoff/notebook-20261003-external-catalog-frontend,docs/handoff/notebook-20261003/external/catalog-frontend/0455-MISSING_PRODUCTS.md,0593ac05b390873468b4cdceab5be87c45277063,preserve,
C:\1212\la-taba2-argentina-ecommerce\artifacts\taba2-design-review\ECOMMERCE_BENCHMARK.md,1031,handoff/notebook-20261003-external-qa-evidence,docs/handoff/notebook-20261003/external/qa-evidence/0456-ECOMMERCE_BENCHMARK.md,a49ec00c7c01683ff64e30fe122c63f3b7f2c46c,preserve,
C:\1212\la-taba2-argentina-ecommerce\artifacts\taba2-design-review\SCREENSHOT_REPORT.md,1151,handoff/notebook-20261003-external-qa-evidence,docs/handoff/notebook-20261003/external/qa-evidence/0457-SCREENSHOT_REPORT.md,b304145c008c38d5e1e1fed44ee38cc69af99e5f,preserve,
C:\1212\la-taba2-catalog-finalization\artifacts\taba2-catalog-authority\COMMERCIAL_GATE_STATUS.md,280,handoff/notebook-20261003-external-backend-qa,docs/handoff/notebook-20261003/external/backend-qa/0458-COMMERCIAL_GATE_STATUS.md,9aa019af8565dc01673e87d899134145ede7e10b,preserve,
C:\1212\la-taba2-catalog-finalization\artifacts\taba2-catalog-authority\DUPLICATE_ASSET_AUDIT.md,244,handoff/notebook-20261003-external-backend-qa,docs/handoff/notebook-20261003/external/backend-qa/0459-DUPLICATE_ASSET_AUDIT.md,968e77746059c50472d69e4cf4273ea33943e458,preserve,
C:\1212\la-taba2-catalog-finalization\artifacts\taba2-catalog-authority\EXECUTIVE_SUMMARY.md,329,handoff/notebook-20261003-external-backend-qa,docs/handoff/notebook-20261003/external/backend-qa/0460-EXECUTIVE_SUMMARY.md,02d79e09b0d0ed3949a615fffcdba402f7b10d92,preserve,
C:\1212\la-taba2-catalog-finalization\artifacts\taba2-catalog-authority\FINAL_COVERAGE.md,345,handoff/notebook-20261003-external-backend-qa,docs/handoff/notebook-20261003/external/backend-qa/0461-FINAL_COVERAGE.md,78d6caece79658f918c1a8551d9d33c869399e5b,preserve,
C:\1212\la-taba2-catalog-finalization\artifacts\taba2-catalog-authority\IMAGE_RIGHTS_AUDIT.md,234,handoff/notebook-20261003-external-backend-qa,docs/handoff/notebook-20261003/external/backend-qa/0462-IMAGE_RIGHTS_AUDIT.md,cee142a5287ea344ca54d898bf84d348f24d0bc1,preserve,
C:\1212\la-taba2-catalog-finalization\artifacts\taba2-catalog-authority\IMAGE_SOURCE_AUDIT.md,392,handoff/notebook-20261003-external-backend-qa,docs/handoff/notebook-20261003/external/backend-qa/0463-IMAGE_SOURCE_AUDIT.md,11285fc11212018d2802c31fe3952caff4ae99ec,preserve,
C:\1212\la-taba2-catalog-finalization\artifacts\taba2-catalog-authority\PENDING_PRODUCTS.md,674,handoff/notebook-20261003-external-backend-qa,docs/handoff/notebook-20261003/external/backend-qa/0464-PENDING_PRODUCTS.md,804a284ae07fe75a56f976696f223bcebd12c7e6,preserve,
C:\1212\la-taba2-catalog-finalization\artifacts\taba2-catalog-authority\PRIORITY_MATRIX.md,217,handoff/notebook-20261003-external-backend-qa,docs/handoff/notebook-20261003/external/backend-qa/0465-PRIORITY_MATRIX.md,c2cadb4c51e85c8f2a6321472bae87a0523676f7,preserve,
C:\1212\la-taba2-catalog-finalization\artifacts\taba2-catalog-authority\PRODUCT_RESEARCH.md,277,handoff/notebook-20261003-external-backend-qa,docs/handoff/notebook-20261003/external/backend-qa/0466-PRODUCT_RESEARCH.md,6f475be8d1f45e18c16ee77fcaae11456d7c8a3d,preserve,
C:\1212\la-taba2-catalog-finalization\artifacts\taba2-catalog-authority\REGIONAL_PRODUCTS_RESEARCH.md,782,handoff/notebook-20261003-external-backend-qa,docs/handoff/notebook-20261003/external/backend-qa/0467-REGIONAL_PRODUCTS_RESEARCH.md,3575ca518b76c404e29cac567e3b517efb45074b,preserve,
C:\1212\la-taba2-catalog-finalization\artifacts\taba2-catalog-authority\REJECTED_PRODUCTS.md,149,handoff/notebook-20261003-external-backend-qa,docs/handoff/notebook-20261003/external/backend-qa/0468-REJECTED_PRODUCTS.md,9f045aa3f4813c023edd33e9e390d6ed593ca58c,preserve,
C:\1212\la-taba2-catalog-finalization\artifacts\taba2-catalog-finalization\CATEGORY_COVERAGE.md,337,handoff/notebook-20261003-external-catalog-frontend,docs/handoff/notebook-20261003/external/catalog-frontend/0469-CATEGORY_COVERAGE.md,c3a0425adc8e06e096debea1e0275baf48f67e3b,preserve,
C:\1212\la-taba2-catalog-finalization\artifacts\taba2-catalog-finalization\COMMERCIAL_GATE_STATUS.md,291,handoff/notebook-20261003-external-backend-qa,docs/handoff/notebook-20261003/external/backend-qa/0470-COMMERCIAL_GATE_STATUS.md,f7a63d2e2469df4c3a03095a4484f95f7798e857,preserve,
C:\1212\la-taba2-catalog-finalization\artifacts\taba2-catalog-finalization\DUPLICATE_ASSET_AUDIT.md,253,handoff/notebook-20261003-external-catalog-frontend,docs/handoff/notebook-20261003/external/catalog-frontend/0471-DUPLICATE_ASSET_AUDIT.md,3a5cd00d3866b8c8a0fe52d7a79ff1df1c45b11e,preserve,
C:\1212\la-taba2-catalog-finalization\artifacts\taba2-catalog-finalization\EXECUTIVE_SUMMARY.md,462,handoff/notebook-20261003-external-catalog-frontend,docs/handoff/notebook-20261003/external/catalog-frontend/0472-EXECUTIVE_SUMMARY.md,459cf90b17417e6c97825fbc605c9ed9304e9680,preserve,
C:\1212\la-taba2-catalog-finalization\artifacts\taba2-catalog-finalization\IMAGE_IDENTITY_AUDIT.md,346,handoff/notebook-20261003-external-catalog-frontend,docs/handoff/notebook-20261003/external/catalog-frontend/0473-IMAGE_IDENTITY_AUDIT.md,0a8b18638522b6db9cfe9dadb1ce1c85a634fc27,preserve,
C:\1212\la-taba2-catalog-finalization\artifacts\taba2-catalog-finalization\IMAGE_RIGHTS_AUDIT.md,281,handoff/notebook-20261003-external-catalog-frontend,docs/handoff/notebook-20261003/external/catalog-frontend/0474-IMAGE_RIGHTS_AUDIT.md,afb8921e2b9d9423b16915131deb62a9adf4d520,preserve,
C:\1212\la-taba2-catalog-finalization\artifacts\taba2-catalog-finalization\IMPORT_PLAN.md,201,handoff/notebook-20261003-external-catalog-frontend,docs/handoff/notebook-20261003/external/catalog-frontend/0475-IMPORT_PLAN.md,8c317f34f0e135c73cc4bf3b88397c79b31ac7ce,preserve,
C:\1212\la-taba2-catalog-finalization\artifacts\taba2-catalog-finalization\P0_COMPLETION_REPORT.md,755,handoff/notebook-20261003-external-catalog-frontend,docs/handoff/notebook-20261003/external/catalog-frontend/0476-P0_COMPLETION_REPORT.md,a5cd2dd2f47b6e0cadcfa518c892c82631b826cb,preserve,
C:\1212\la-taba2-catalog-finalization\artifacts\taba2-catalog-finalization\PENDING_EXTERNAL_ACTIONS.md,4712,handoff/notebook-20261003-external-catalog-frontend,docs/handoff/notebook-20261003/external/catalog-frontend/0477-PENDING_EXTERNAL_ACTIONS.md,c1ce66a3266c1b08d8232dc802124e862efe3dac,preserve,
C:\1212\la-taba2-catalog-finalization\artifacts\taba2-catalog-finalization\PHOTO_CAPTURE_REQUIRED.md,223,handoff/notebook-20261003-external-catalog-frontend,docs/handoff/notebook-20261003/external/catalog-frontend/0478-PHOTO_CAPTURE_REQUIRED.md,e24e4c4d4f0bf64c8690502e4e1112c4daa45486,preserve,
C:\1212\la-taba2-catalog-finalization\artifacts\taba2-catalog-finalization\PRICE_LOAD_READINESS.md,270,handoff/notebook-20261003-external-catalog-frontend,docs/handoff/notebook-20261003/external/catalog-frontend/0479-PRICE_LOAD_READINESS.md,29036aa847f7787c1bb602ce5f1c02cef09c82d3,preserve,
C:\1212\la-taba2-catalog-finalization\artifacts\taba2-catalog-finalization\PRODUCT_RESEARCH.md,846,handoff/notebook-20261003-external-catalog-frontend,docs/handoff/notebook-20261003/external/catalog-frontend/0480-PRODUCT_RESEARCH.md,a831971295ed4a695692fef27374b61987c419d8,preserve,
C:\1212\la-taba2-catalog-finalization\artifacts\taba2-catalog-finalization\REGIONAL_RESEARCH.md,499,handoff/notebook-20261003-external-catalog-frontend,docs/handoff/notebook-20261003/external/catalog-frontend/0481-REGIONAL_RESEARCH.md,c91d5a9be85acb4f37cccec88d9952a8ceb91dc0,preserve,
C:\1212\la-taba2-catalog-finalization\artifacts\taba2-catalog-finalization\REJECTED_PRODUCTS.md,369,handoff/notebook-20261003-external-catalog-frontend,docs/handoff/notebook-20261003/external/catalog-frontend/0482-REJECTED_PRODUCTS.md,b4ace7ebc4c9118cad3b7e914ab56d5ab7ac72db,preserve,
C:\1212\la-taba2-catalog-finalization\artifacts\taba2-catalog-finalization\RIGHTS_EVIDENCE_INDEX.md,335,handoff/notebook-20261003-external-catalog-frontend,docs/handoff/notebook-20261003/external/catalog-frontend/0483-RIGHTS_EVIDENCE_INDEX.md,93c1135ce92cc282ed71d35160e23500de79fac6,preserve,
C:\1212\la-taba2-catalog-finalization\artifacts\taba2-catalog-finalization\TEST_RESULTS.md,542,handoff/notebook-20261003-external-catalog-frontend,docs/handoff/notebook-20261003/external/catalog-frontend/0484-TEST_RESULTS.md,b6632082ce8e190cec78728db3338d67886f09f2,preserve,
C:\1212\la-taba2-commercial-catalog-authority\artifacts\taba2-catalog-authority\COMMERCIAL_GATE_STATUS.md,280,handoff/notebook-20261003-external-backend-qa,docs/handoff/notebook-20261003/external/backend-qa/0485-COMMERCIAL_GATE_STATUS.md,acf4fed6753e7328e36b79c9feb5635b07e87f3d,preserve,
C:\1212\la-taba2-commercial-catalog-authority\artifacts\taba2-catalog-authority\DUPLICATE_ASSET_AUDIT.md,244,handoff/notebook-20261003-external-backend-qa,docs/handoff/notebook-20261003/external/backend-qa/0486-DUPLICATE_ASSET_AUDIT.md,bdd32131f9e09997e2497401091f6fe9e1165d2c,preserve,
C:\1212\la-taba2-commercial-catalog-authority\artifacts\taba2-catalog-authority\EXECUTIVE_SUMMARY.md,329,handoff/notebook-20261003-external-backend-qa,docs/handoff/notebook-20261003/external/backend-qa/0487-EXECUTIVE_SUMMARY.md,42536c5dcff64b035dc9a5e009e599fe66002213,preserve,
C:\1212\la-taba2-commercial-catalog-authority\artifacts\taba2-catalog-authority\FINAL_COVERAGE.md,344,handoff/notebook-20261003-external-backend-qa,docs/handoff/notebook-20261003/external/backend-qa/0488-FINAL_COVERAGE.md,b91056dda186b5c1dea88094598234965e7a216f,preserve,
C:\1212\la-taba2-commercial-catalog-authority\artifacts\taba2-catalog-authority\IMAGE_RIGHTS_AUDIT.md,234,handoff/notebook-20261003-external-backend-qa,docs/handoff/notebook-20261003/external/backend-qa/0489-IMAGE_RIGHTS_AUDIT.md,2f837d501a72eec63767ef412eabc3495638031c,preserve,
C:\1212\la-taba2-commercial-catalog-authority\artifacts\taba2-catalog-authority\IMAGE_SOURCE_AUDIT.md,392,handoff/notebook-20261003-external-backend-qa,docs/handoff/notebook-20261003/external/backend-qa/0490-IMAGE_SOURCE_AUDIT.md,d49ef5b51e428c35d73390e6ca51133b03b921cc,preserve,
C:\1212\la-taba2-commercial-catalog-authority\artifacts\taba2-catalog-authority\PENDING_PRODUCTS.md,674,handoff/notebook-20261003-external-backend-qa,docs/handoff/notebook-20261003/external/backend-qa/0491-PENDING_PRODUCTS.md,049ab2cd04ae65aafb8aa65c11e99c5bebfdf7b9,preserve,
C:\1212\la-taba2-commercial-catalog-authority\artifacts\taba2-catalog-authority\PRIORITY_MATRIX.md,217,handoff/notebook-20261003-external-backend-qa,docs/handoff/notebook-20261003/external/backend-qa/0492-PRIORITY_MATRIX.md,f95348164d453aff0192fc5b77a64c60f19e0ed9,preserve,
C:\1212\la-taba2-commercial-catalog-authority\artifacts\taba2-catalog-authority\PRODUCT_RESEARCH.md,277,handoff/notebook-20261003-external-backend-qa,docs/handoff/notebook-20261003/external/backend-qa/0493-PRODUCT_RESEARCH.md,6f475be8d1f45e18c16ee77fcaae11456d7c8a3d,preserve,
C:\1212\la-taba2-commercial-catalog-authority\artifacts\taba2-catalog-authority\REGIONAL_PRODUCTS_RESEARCH.md,782,handoff/notebook-20261003-external-backend-qa,docs/handoff/notebook-20261003/external/backend-qa/0494-REGIONAL_PRODUCTS_RESEARCH.md,3575ca518b76c404e29cac567e3b517efb45074b,preserve,
C:\1212\la-taba2-commercial-catalog-authority\artifacts\taba2-catalog-authority\REJECTED_PRODUCTS.md,149,handoff/notebook-20261003-external-backend-qa,docs/handoff/notebook-20261003/external/backend-qa/0495-REJECTED_PRODUCTS.md,9f045aa3f4813c023edd33e9e390d6ed593ca58c,preserve,
C:\1212\la-taba2-mobile-layout-hardening\artifacts\taba2-design-review\SCREENSHOT_REPORT.md,1151,handoff/notebook-20261003-external-qa-evidence,docs/handoff/notebook-20261003/external/qa-evidence/0496-SCREENSHOT_REPORT.md,b304145c008c38d5e1e1fed44ee38cc69af99e5f,preserve,
C:\1212\la-taba2-storefront-motion\artifacts\taba2-catalog-authority\COMMERCIAL_GATE_STATUS.md,280,handoff/notebook-20261003-external-backend-qa,docs/handoff/notebook-20261003/external/backend-qa/0497-COMMERCIAL_GATE_STATUS.md,9aa019af8565dc01673e87d899134145ede7e10b,preserve,
C:\1212\la-taba2-storefront-motion\artifacts\taba2-catalog-authority\DUPLICATE_ASSET_AUDIT.md,244,handoff/notebook-20261003-external-backend-qa,docs/handoff/notebook-20261003/external/backend-qa/0498-DUPLICATE_ASSET_AUDIT.md,968e77746059c50472d69e4cf4273ea33943e458,preserve,
C:\1212\la-taba2-storefront-motion\artifacts\taba2-catalog-authority\EXECUTIVE_SUMMARY.md,329,handoff/notebook-20261003-external-backend-qa,docs/handoff/notebook-20261003/external/backend-qa/0499-EXECUTIVE_SUMMARY.md,252cd640bd40a882203079bdc19bcd8da8815f76,preserve,
C:\1212\la-taba2-storefront-motion\artifacts\taba2-catalog-authority\FINAL_COVERAGE.md,345,handoff/notebook-20261003-external-backend-qa,docs/handoff/notebook-20261003/external/backend-qa/0500-FINAL_COVERAGE.md,78d6caece79658f918c1a8551d9d33c869399e5b,preserve,
C:\1212\la-taba2-storefront-motion\artifacts\taba2-catalog-authority\IMAGE_RIGHTS_AUDIT.md,234,handoff/notebook-20261003-external-backend-qa,docs/handoff/notebook-20261003/external/backend-qa/0501-IMAGE_RIGHTS_AUDIT.md,cee142a5287ea344ca54d898bf84d348f24d0bc1,preserve,
C:\1212\la-taba2-storefront-motion\artifacts\taba2-catalog-authority\IMAGE_SOURCE_AUDIT.md,392,handoff/notebook-20261003-external-backend-qa,docs/handoff/notebook-20261003/external/backend-qa/0502-IMAGE_SOURCE_AUDIT.md,11285fc11212018d2802c31fe3952caff4ae99ec,preserve,
C:\1212\la-taba2-storefront-motion\artifacts\taba2-catalog-authority\PENDING_PRODUCTS.md,674,handoff/notebook-20261003-external-backend-qa,docs/handoff/notebook-20261003/external/backend-qa/0503-PENDING_PRODUCTS.md,804a284ae07fe75a56f976696f223bcebd12c7e6,preserve,
C:\1212\la-taba2-storefront-motion\artifacts\taba2-catalog-authority\PRIORITY_MATRIX.md,217,handoff/notebook-20261003-external-backend-qa,docs/handoff/notebook-20261003/external/backend-qa/0504-PRIORITY_MATRIX.md,c2cadb4c51e85c8f2a6321472bae87a0523676f7,preserve,
C:\1212\la-taba2-storefront-motion\artifacts\taba2-catalog-authority\PRODUCT_RESEARCH.md,277,handoff/notebook-20261003-external-backend-qa,docs/handoff/notebook-20261003/external/backend-qa/0505-PRODUCT_RESEARCH.md,6f475be8d1f45e18c16ee77fcaae11456d7c8a3d,preserve,
C:\1212\la-taba2-storefront-motion\artifacts\taba2-catalog-authority\REGIONAL_PRODUCTS_RESEARCH.md,782,handoff/notebook-20261003-external-backend-qa,docs/handoff/notebook-20261003/external/backend-qa/0506-REGIONAL_PRODUCTS_RESEARCH.md,3575ca518b76c404e29cac567e3b517efb45074b,preserve,
C:\1212\la-taba2-storefront-motion\artifacts\taba2-catalog-authority\REJECTED_PRODUCTS.md,149,handoff/notebook-20261003-external-backend-qa,docs/handoff/notebook-20261003/external/backend-qa/0507-REJECTED_PRODUCTS.md,9f045aa3f4813c023edd33e9e390d6ed593ca58c,preserve,
C:\1212\la-taba2-storefront-motion\artifacts\taba2-catalog-finalization\CATEGORY_COVERAGE.md,337,handoff/notebook-20261003-external-catalog-frontend,docs/handoff/notebook-20261003/external/catalog-frontend/0508-CATEGORY_COVERAGE.md,c3a0425adc8e06e096debea1e0275baf48f67e3b,preserve,
C:\1212\la-taba2-storefront-motion\artifacts\taba2-catalog-finalization\COMMERCIAL_GATE_STATUS.md,291,handoff/notebook-20261003-external-backend-qa,docs/handoff/notebook-20261003/external/backend-qa/0509-COMMERCIAL_GATE_STATUS.md,f7a63d2e2469df4c3a03095a4484f95f7798e857,preserve,
C:\1212\la-taba2-storefront-motion\artifacts\taba2-catalog-finalization\DUPLICATE_ASSET_AUDIT.md,253,handoff/notebook-20261003-external-catalog-frontend,docs/handoff/notebook-20261003/external/catalog-frontend/0510-DUPLICATE_ASSET_AUDIT.md,3a5cd00d3866b8c8a0fe52d7a79ff1df1c45b11e,preserve,
C:\1212\la-taba2-storefront-motion\artifacts\taba2-catalog-finalization\EXECUTIVE_SUMMARY.md,462,handoff/notebook-20261003-external-catalog-frontend,docs/handoff/notebook-20261003/external/catalog-frontend/0511-EXECUTIVE_SUMMARY.md,8d73de864d6f322705dbfc332f09caea7bba6e01,preserve,
C:\1212\la-taba2-storefront-motion\artifacts\taba2-catalog-finalization\IMAGE_IDENTITY_AUDIT.md,346,handoff/notebook-20261003-external-catalog-frontend,docs/handoff/notebook-20261003/external/catalog-frontend/0512-IMAGE_IDENTITY_AUDIT.md,0a8b18638522b6db9cfe9dadb1ce1c85a634fc27,preserve,
C:\1212\la-taba2-storefront-motion\artifacts\taba2-catalog-finalization\IMAGE_RIGHTS_AUDIT.md,281,handoff/notebook-20261003-external-catalog-frontend,docs/handoff/notebook-20261003/external/catalog-frontend/0513-IMAGE_RIGHTS_AUDIT.md,afb8921e2b9d9423b16915131deb62a9adf4d520,preserve,
C:\1212\la-taba2-storefront-motion\artifacts\taba2-catalog-finalization\IMPORT_PLAN.md,201,handoff/notebook-20261003-external-catalog-frontend,docs/handoff/notebook-20261003/external/catalog-frontend/0514-IMPORT_PLAN.md,8c317f34f0e135c73cc4bf3b88397c79b31ac7ce,preserve,
C:\1212\la-taba2-storefront-motion\artifacts\taba2-catalog-finalization\P0_COMPLETION_REPORT.md,755,handoff/notebook-20261003-external-catalog-frontend,docs/handoff/notebook-20261003/external/catalog-frontend/0515-P0_COMPLETION_REPORT.md,a5cd2dd2f47b6e0cadcfa518c892c82631b826cb,preserve,
C:\1212\la-taba2-storefront-motion\artifacts\taba2-catalog-finalization\PENDING_EXTERNAL_ACTIONS.md,4712,handoff/notebook-20261003-external-catalog-frontend,docs/handoff/notebook-20261003/external/catalog-frontend/0516-PENDING_EXTERNAL_ACTIONS.md,c1ce66a3266c1b08d8232dc802124e862efe3dac,preserve,
C:\1212\la-taba2-storefront-motion\artifacts\taba2-catalog-finalization\PHOTO_CAPTURE_REQUIRED.md,223,handoff/notebook-20261003-external-catalog-frontend,docs/handoff/notebook-20261003/external/catalog-frontend/0517-PHOTO_CAPTURE_REQUIRED.md,e24e4c4d4f0bf64c8690502e4e1112c4daa45486,preserve,
C:\1212\la-taba2-storefront-motion\artifacts\taba2-catalog-finalization\PRICE_LOAD_READINESS.md,270,handoff/notebook-20261003-external-catalog-frontend,docs/handoff/notebook-20261003/external/catalog-frontend/0518-PRICE_LOAD_READINESS.md,29036aa847f7787c1bb602ce5f1c02cef09c82d3,preserve,
C:\1212\la-taba2-storefront-motion\artifacts\taba2-catalog-finalization\PRODUCT_RESEARCH.md,846,handoff/notebook-20261003-external-catalog-frontend,docs/handoff/notebook-20261003/external/catalog-frontend/0519-PRODUCT_RESEARCH.md,a831971295ed4a695692fef27374b61987c419d8,preserve,
C:\1212\la-taba2-storefront-motion\artifacts\taba2-catalog-finalization\REGIONAL_RESEARCH.md,499,handoff/notebook-20261003-external-catalog-frontend,docs/handoff/notebook-20261003/external/catalog-frontend/0520-REGIONAL_RESEARCH.md,c91d5a9be85acb4f37cccec88d9952a8ceb91dc0,preserve,
C:\1212\la-taba2-storefront-motion\artifacts\taba2-catalog-finalization\REJECTED_PRODUCTS.md,369,handoff/notebook-20261003-external-catalog-frontend,docs/handoff/notebook-20261003/external/catalog-frontend/0521-REJECTED_PRODUCTS.md,b4ace7ebc4c9118cad3b7e914ab56d5ab7ac72db,preserve,
C:\1212\la-taba2-storefront-motion\artifacts\taba2-catalog-finalization\RIGHTS_EVIDENCE_INDEX.md,335,handoff/notebook-20261003-external-catalog-frontend,docs/handoff/notebook-20261003/external/catalog-frontend/0522-RIGHTS_EVIDENCE_INDEX.md,93c1135ce92cc282ed71d35160e23500de79fac6,preserve,
C:\1212\la-taba2-storefront-motion\artifacts\taba2-catalog-finalization\TEST_RESULTS.md,542,handoff/notebook-20261003-external-catalog-frontend,docs/handoff/notebook-20261003/external/catalog-frontend/0523-TEST_RESULTS.md,b6632082ce8e190cec78728db3338d67886f09f2,preserve,
C:\1212\luna-catalogo-demo\docs\TABA_REUSE_AUDIT.md,6661,handoff/notebook-20261003-external-catalog-frontend,docs/handoff/notebook-20261003/external/catalog-frontend/0524-TABA_REUSE_AUDIT.md,972c34b71894344a3fe1e26267169bcb95e7bcbd,preserve,
C:\1212\taba-device-test-runtime\secure-frontend-server.mjs,4145,handoff/notebook-20261003-external-qa-evidence,docs/handoff/notebook-20261003/external/qa-evidence/0535-secure-frontend-server.mjs,60b7ea8196a4a8d1e9eb8e5a3953497763e71c65,preserve,
C:\1212\taba-device-test-runtime\secure-frontend-server.test.mjs,980,handoff/notebook-20261003-external-qa-evidence,docs/handoff/notebook-20261003/external/qa-evidence/0536-secure-frontend-server.test.mjs,e8a2171a8e1a4e0ac102c0103c43a32da66ffa06,preserve,
C:\1212\taba-device-test-runtime\start-taba-device-test.ps1,16664,handoff/notebook-20261003-external-qa-evidence,docs/handoff/notebook-20261003/external/qa-evidence/0537-start-taba-device-test.ps1,58c60fe4ae7ce658256f853f3aa055bd3abbe5ea,preserve,
C:\1212\taba-device-test-runtime\start-taba-device-test.test.mjs,2036,handoff/notebook-20261003-external-qa-evidence,docs/handoff/notebook-20261003/external/qa-evidence/0538-start-taba-device-test.test.mjs,34a63b92f173aee67471be285f3bd7ab4d8a410c,preserve,
C:\1212\taba-device-test-runtime\stop-gps-physical.ps1,937,handoff/notebook-20261003-external-qa-evidence,docs/handoff/notebook-20261003/external/qa-evidence/0539-stop-gps-physical.ps1,fc9dc043becd8cdf50c2897c1dfd9d47bf475e8d,preserve,
C:\1212\taba-device-test-runtime\validate-qa-runtime.mjs,11217,handoff/notebook-20261003-external-qa-evidence,docs/handoff/notebook-20261003/external/qa-evidence/0540-validate-qa-runtime.mjs,df9f16702a565e1fb6ca4c07500cadec2ffb5df3,preserve,
C:\1212\taba-device-test-runtime\validate-qa-runtime.test.mjs,3000,handoff/notebook-20261003-external-qa-evidence,docs/handoff/notebook-20261003/external/qa-evidence/0541-validate-qa-runtime.test.mjs.redacted.txt,576414cd287c21ef75a67e88d285efcc25aaa3c4,preserve_redacted,58
C:\1212\taba-device-test-runtime\verify-anonymous-auth.mjs,1355,handoff/notebook-20261003-external-backend-qa,docs/handoff/notebook-20261003/external/backend-qa/0542-verify-anonymous-auth.mjs,d19f3c1c36cc50432c2a711374fcccec7ccd0aa4,preserve,
C:\1212\taba-device-test-runtime\rider-map-session\query-staging-readonly.ps1,7923,handoff/notebook-20261003-external-rider,docs/handoff/notebook-20261003/external/rider/0543-query-staging-readonly.ps1,b2e1b40e7de47f03d56df05a9a8dd091e8195326,preserve,
C:\1212\taba-device-test-runtime\rider-map-session\resolve-publishable.mjs,6155,handoff/notebook-20261003-external-rider,docs/handoff/notebook-20261003/external/rider/0544-resolve-publishable.mjs,d1c70d46886640670555a5b6a846a203d7cf4dcf,preserve,
C:\1212\taba2-mobile-layout-hardening-captures\SCREENSHOT_REPORT.md,2378,handoff/notebook-20261003-external-qa-evidence,docs/handoff/notebook-20261003/external/qa-evidence/0546-SCREENSHOT_REPORT.md,c474aed8745b8a1f5ab7cf4c7c58ded43dd73ae9,preserve,
C:\1212\TABA_business_review\styles\responsive.css,10701,handoff/notebook-20261003-external-business-fiscal,docs/handoff/notebook-20261003/external/business-fiscal/0547-responsive.css,02fa5998038c535110c541bfb4994fdd4a14a02c,preserve,
C:\1212\temp\taba-jit-npgsql-0c0f3ddea2434e418deec026f0a0eefd\Microsoft.Bcl.AsyncInterfaces.8.0.0\PACKAGE.md,2328,handoff/notebook-20261003-external-qa-evidence,docs/handoff/notebook-20261003/external/qa-evidence/0548-PACKAGE.md,ea42eebc647f1aa5be8313328a71804011ab4d3c,preserve,
C:\1212\temp\taba-jit-npgsql-0c0f3ddea2434e418deec026f0a0eefd\Microsoft.Extensions.DependencyInjection.Abstractions.8.0.2\PACKAGE.md,2255,handoff/notebook-20261003-external-qa-evidence,docs/handoff/notebook-20261003/external/qa-evidence/0549-PACKAGE.md,c50d416f15f1a04f587dd1caa6398223219a6048,preserve,
C:\1212\temp\taba-jit-npgsql-0c0f3ddea2434e418deec026f0a0eefd\Microsoft.Extensions.Logging.Abstractions.8.0.2\PACKAGE.md,5715,handoff/notebook-20261003-external-qa-evidence,docs/handoff/notebook-20261003/external/qa-evidence/0550-PACKAGE.md,d43f6622672f6676523aafd42b1fae62f4c80020,preserve,
C:\1212\temp\taba-jit-npgsql-0c0f3ddea2434e418deec026f0a0eefd\Npgsql.7.0.6\README.md,2099,handoff/notebook-20261003-external-qa-evidence,docs/handoff/notebook-20261003/external/qa-evidence/0551-README.md,8a80f795883cd1249a52edc5da64ca26ce60db50,preserve,
C:\1212\temp\taba-jit-npgsql-0c0f3ddea2434e418deec026f0a0eefd\Npgsql.9.0.4\README.md,2099,handoff/notebook-20261003-external-qa-evidence,docs/handoff/notebook-20261003/external/qa-evidence/0552-README.md,8a80f795883cd1249a52edc5da64ca26ce60db50,preserve,
C:\taba imagenes\auditoria-final.md,1437,handoff/notebook-20261003-external-catalog-frontend,docs/handoff/notebook-20261003/external/catalog-frontend/0554-auditoria-final.md,a5687b0b6787889878021d1da0b200eef3d7d413,preserve,
C:\taba imagenes\implementation-notes (1).md,1407,handoff/notebook-20261003-external-catalog-frontend,docs/handoff/notebook-20261003/external/catalog-frontend/0555-implementation-notes-1-.md,79cf184ccacab77f357a634354d5789422b4b999,preserve,
C:\taba imagenes\implementation-notes.md,1407,handoff/notebook-20261003-external-catalog-frontend,docs/handoff/notebook-20261003/external/catalog-frontend/0556-implementation-notes.md,79cf184ccacab77f357a634354d5789422b4b999,preserve,
C:\taba imagenes\inventario-bebidas-fotografias.md,9584,handoff/notebook-20261003-external-catalog-frontend,docs/handoff/notebook-20261003/external/catalog-frontend/0557-inventario-bebidas-fotografias.md,4cbd2d819b7ff9a3d4c8fd6ab83cb57c31e40d09,preserve,
C:\taba imagenes\validation-report.md,548,handoff/notebook-20261003-external-catalog-frontend,docs/handoff/notebook-20261003/external/catalog-frontend/0558-validation-report.md,c99ab5db439f52201fb5c2bdae1686f5565d7110,preserve,
C:\taba imagenes\taba-catalogo-bebidas-completo\implementation-notes.md,1407,handoff/notebook-20261003-external-catalog-frontend,docs/handoff/notebook-20261003/external/catalog-frontend/0559-implementation-notes.md,79cf184ccacab77f357a634354d5789422b4b999,preserve,
C:\taba imagenes\taba-catalogo-bebidas-completo\README.md,477,handoff/notebook-20261003-external-catalog-frontend,docs/handoff/notebook-20261003/external/catalog-frontend/0560-README.md,f0a3186f15d3dcea45a928b7c5f60d5b7aa8a6fa,preserve,
C:\taba imagenes\taba-catalogo-bebidas-completo\reports\auditoria-final.md,1437,handoff/notebook-20261003-external-catalog-frontend,docs/handoff/notebook-20261003/external/catalog-frontend/0561-auditoria-final.md,a5687b0b6787889878021d1da0b200eef3d7d413,preserve,
C:\taba imagenes\taba-catalogo-bebidas-completo\reports\bebidas-pendientes.md,25385,handoff/notebook-20261003-external-catalog-frontend,docs/handoff/notebook-20261003/external/catalog-frontend/0562-bebidas-pendientes.md,1191c6d879de156b276d88ab0b63d08a2c2b40a8,preserve,
C:\taba imagenes\taba-catalogo-bebidas-completo\reports\derechos-imagenes.md,2348,handoff/notebook-20261003-external-catalog-frontend,docs/handoff/notebook-20261003/external/catalog-frontend/0563-derechos-imagenes.md,3fe002e4223a9f5227a0537092830cc0e4673fbf,preserve,
C:\taba imagenes\taba-catalogo-bebidas-completo\reports\inventario-bebidas-fotografias.md,9584,handoff/notebook-20261003-external-catalog-frontend,docs/handoff/notebook-20261003/external/catalog-frontend/0564-inventario-bebidas-fotografias.md,4cbd2d819b7ff9a3d4c8fd6ab83cb57c31e40d09,preserve,
C:\taba imagenes\taba-catalogo-bebidas-completo\reports\precios-y-fuentes.md,3302,handoff/notebook-20261003-external-catalog-frontend,docs/handoff/notebook-20261003/external/catalog-frontend/0565-precios-y-fuentes.md,d421f211b3861433ec89741d9a0ce44cc52a5575,preserve,
C:\taba imagenes\taba-catalogo-bebidas-completo\reports\validation-report.md,548,handoff/notebook-20261003-external-catalog-frontend,docs/handoff/notebook-20261003/external/catalog-frontend/0566-validation-report.md,c99ab5db439f52201fb5c2bdae1686f5565d7110,preserve,
C:\Users\marco\dev\hamburgueseria-neuquen\docs\AUDITORIA-REUTILIZACION-TABA.md,11592,handoff/notebook-20261003-external-qa-evidence,docs/handoff/notebook-20261003/external/qa-evidence/0648-AUDITORIA-REUTILIZACION-TABA.md,6003d1efc3d81063b14c3d16dde860ecf5e16eb2,preserve,
C:\Users\marco\dev\hamburgueseria-neuquen\scripts\check-aislamiento-taba.mjs,9700,handoff/notebook-20261003-external-qa-evidence,docs/handoff/notebook-20261003/external/qa-evidence/0649-check-aislamiento-taba.mjs,fb3310eb3a89db6f4a4cef6f801efc62f758bb71,preserve,
C:\Users\marco\Documents\New project\la-taba.spec.mjs,37273,handoff/notebook-20261003-external-qa-evidence,docs/handoff/notebook-20261003/external/qa-evidence/0650-la-taba.spec.mjs,1ac33912cf091801bf6a5bbf7abdcd753cbbd6c3,preserve,
C:\Users\marco\Documents\New project\taba-audit-baseline.mjs,6075,handoff/notebook-20261003-external-qa-evidence,docs/handoff/notebook-20261003/external/qa-evidence/0651-taba-audit-baseline.mjs,54b88931921ea5718867cf3b127a2ea22b14f342,preserve,
C:\Users\marco\Documents\New project\taba-showcase-evidence.mjs,14407,handoff/notebook-20261003-external-qa-evidence,docs/handoff/notebook-20261003/external/qa-evidence/0652-taba-showcase-evidence.mjs,e167e03db24d16a8131838c3535167dcdf829c31,preserve,
C:\Users\marco\Documents\New project\taba_handoff_audit.py,3091,handoff/notebook-20261003-external-qa-evidence,docs/handoff/notebook-20261003/external/qa-evidence/0653-taba_handoff_audit.py,ddfef6a6cef0565248000014b6298a472d9922d1,preserve,
C:\Users\marco\Documents\New project\taba_handoff_inventory.py,1970,handoff/notebook-20261003-external-qa-evidence,docs/handoff/notebook-20261003/external/qa-evidence/0654-taba_handoff_inventory.py,5fc6eeb640fb14cdfa159f85a883ded3a5ef5710,preserve,
C:\Users\marco\Documents\New project\artifacts\taba2-commercial\audit-probe.spec.mjs,2896,handoff/notebook-20261003-external-commercial-media,docs/handoff/notebook-20261003/external/commercial-media/0655-audit-probe.spec.mjs,55907735249f543cbb9d60e59a30eb8baa0eeda2,preserve,
C:\Users\marco\Documents\New project\artifacts\taba2-commercial\audit-report.md,3208,handoff/notebook-20261003-external-commercial-media,docs/handoff/notebook-20261003/external/commercial-media/0656-audit-report.md,8403d6ec24c324271296b7d929433a1dd599ea4f,preserve,
C:\Users\marco\Documents\New project\artifacts\taba2-commercial\audit-smoke.spec.mjs,1516,handoff/notebook-20261003-external-commercial-media,docs/handoff/notebook-20261003/external/commercial-media/0657-audit-smoke.spec.mjs,4e837be0829af33e65c7f4a8721842e843ec8373,preserve,
C:\Users\marco\Documents\New project\artifacts\taba2-commercial\capture-promo.mjs,9585,handoff/notebook-20261003-external-commercial-media,docs/handoff/notebook-20261003/external/commercial-media/0658-capture-promo.mjs,48d955e58f9e9e80f2c89957041eeca8daffe866,preserve,
C:\Users\marco\Documents\New project\artifacts\taba2-commercial\commercial-audit.spec.mjs,26996,handoff/notebook-20261003-external-commercial-media,docs/handoff/notebook-20261003/external/commercial-media/0659-commercial-audit.spec.mjs,5d4da7e524dbb2859d1840f70fe803c76a63f8ed,preserve,
C:\Users\marco\Documents\New project\artifacts\taba2-commercial\inspect-operations.mjs,5904,handoff/notebook-20261003-external-commercial-media,docs/handoff/notebook-20261003/external/commercial-media/0660-inspect-operations.mjs,aa45c52c0ffbe107703c586425daddfc5df8f311,preserve,
C:\Users\marco\Documents\New project\artifacts\taba2-commercial\inspect-runtime.mjs,4791,handoff/notebook-20261003-external-commercial-media,docs/handoff/notebook-20261003/external/commercial-media/0661-inspect-runtime.mjs,5bc459b2b8e4d221cdfa2dc3c19c75376006e0f2,preserve,
C:\Users\marco\Documents\New project\artifacts\taba2-commercial\README.md,1286,handoff/notebook-20261003-external-commercial-media,docs/handoff/notebook-20261003/external/commercial-media/0662-README.md,5465ee4f83011a7902afe689426537da88887691,preserve,
C:\Users\marco\Documents\New project\artifacts\taba2-commercial\record-resolution-test.mjs,907,handoff/notebook-20261003-external-commercial-media,docs/handoff/notebook-20261003/external/commercial-media/0663-record-resolution-test.mjs,8e2a3ae27527f2b90e8e2db6204ef274a4b31eca,preserve,
C:\Users\marco\Documents\New project\artifacts\taba2-commercial\remaining-audit.spec.mjs,11034,handoff/notebook-20261003-external-commercial-media,docs/handoff/notebook-20261003/external/commercial-media/0664-remaining-audit.spec.mjs,69a19502d0399a20a99be8e969b6e3869711a24d,preserve,
C:\Users\marco\Documents\New project\artifacts\taba2-commercial\render-promo.mjs,9138,handoff/notebook-20261003-external-commercial-media,docs/handoff/notebook-20261003/external/commercial-media/0665-render-promo.mjs,70861d211ae91c136df4908c51ed05600e952159,preserve,
C:\Users\marco\Documents\New project\artifacts\taba2-commercial\storyboard.md,2388,handoff/notebook-20261003-external-commercial-media,docs/handoff/notebook-20261003/external/commercial-media/0666-storyboard.md,df52fcc383acb071b03dcc1f6c296d25f4f385f1,preserve,
C:\Users\marco\Documents\New project\artifacts\taba2-commercial\validate-promo.mjs,3153,handoff/notebook-20261003-external-commercial-media,docs/handoff/notebook-20261003/external/commercial-media/0667-validate-promo.mjs,ac45c20eda740761c1bd204947580c7ac9fd80d5,preserve,
C:\Users\marco\Documents\New project\artifacts\taba2-commercial\before\performance\inspect-storefront.mjs,1801,handoff/notebook-20261003-external-catalog-frontend,docs/handoff/notebook-20261003/external/catalog-frontend/0668-inspect-storefront.mjs,117892ff57de894f8da7ee9f2e9f3fe0d23560ce,preserve,
C:\Users\marco\Documents\New project\artifacts\taba2-commercial\before\performance\measure-first-product.mjs,9347,handoff/notebook-20261003-external-commercial-media,docs/handoff/notebook-20261003/external/commercial-media/0669-measure-first-product.mjs,b8b942ecc8043f8b6c2dbd07f611df53f7847c9d,preserve,
C:\Users\marco\Documents\New project\artifacts\taba2-commercial\before\performance\README.md,4622,handoff/notebook-20261003-external-commercial-media,docs/handoff/notebook-20261003/external/commercial-media/0670-README.md,d620bb7fc32b5bde3a32c3b094e7ce9828806141,preserve,
C:\Users\marco\Documents\New project\artifacts\taba2-commercial\before\performance\run-lighthouse.ps1,2140,handoff/notebook-20261003-external-commercial-media,docs/handoff/notebook-20261003/external/commercial-media/0671-run-lighthouse.ps1,9fa882d71b9039b53bf61e3590068d1c28e6a839,preserve,
C:\Users\marco\Documents\New project\artifacts\taba2-commercial\before\performance\summarize-performance.mjs,20520,handoff/notebook-20261003-external-commercial-media,docs/handoff/notebook-20261003/external/commercial-media/0672-summarize-performance.mjs,df157637f143191ce8554db408a2d6409d4b19cd,preserve,
C:\Users\marco\temp\taba2-adversarial-db-317\bola-fixture.sql,11758,handoff/notebook-20261003-external-qa-evidence,docs/handoff/notebook-20261003/external/qa-evidence/0679-bola-fixture.sql,9db7262490557ccee14e4497c1b55b238bdd8f05,preserve,
C:\Users\marco\temp\taba2-adversarial-db-317\config.toml,15988,handoff/notebook-20261003-external-qa-evidence,docs/handoff/notebook-20261003/external/qa-evidence/0680-config.toml,bc2c31e4a6a7ee9db2b7b99990deaef529c857cc,preserve,
C:\Users\marco\temp\taba2-adversarial-db-317\supabase\config.toml,15988,handoff/notebook-20261003-external-qa-evidence,docs/handoff/notebook-20261003/external/qa-evidence/0681-config.toml,bc2c31e4a6a7ee9db2b7b99990deaef529c857cc,preserve,
C:\Users\marco\temp\taba2-production-candidate-db\bola-fixture.sql,11758,handoff/notebook-20261003-external-backend-qa,docs/handoff/notebook-20261003/external/backend-qa/0683-bola-fixture.sql,9db7262490557ccee14e4497c1b55b238bdd8f05,preserve,
C:\Users\marco\temp\taba2-production-candidate-db\bola-probe.mjs,12790,handoff/notebook-20261003-external-backend-qa,docs/handoff/notebook-20261003/external/backend-qa/0684-bola-probe.mjs,9c2217daa407f60428ebced0a26f6e3e2d45ef08,preserve,
C:\Users\marco\temp\taba2-production-candidate-db\supabase\config.toml,15992,handoff/notebook-20261003-external-backend-qa,docs/handoff/notebook-20261003/external/backend-qa/0685-config.toml,600eda41fa2b736d9e27c351167de70bc0866b29,preserve,
D:\1212\TABA2_MASTER_RELEASE_PLAN.md,55806,handoff/notebook-20261003-external-qa-evidence,docs/handoff/notebook-20261003/external/qa-evidence/0686-TABA2_MASTER_RELEASE_PLAN.md,bbc012796339adacdfe0e5116b99a937cfc15d6c,preserve,
D:\1212\artifacts\commerce-v3-full-e2e\la-taba-bottom-nav-respeta-safe-area-y-no-cubre-contenido-chromium\error-context.md,12189,handoff/notebook-20261003-external-qa-evidence,docs/handoff/notebook-20261003/external/qa-evidence/0687-error-context.md,f2f2ab5dc072ff0d722f3434e5ae89fcfda91f63,preserve,
D:\1212\artifacts\commerce-v3-full-e2e\la-taba-carga-inicial-home-e005c-a-y-catálogo-por-categorías-chromium\error-context.md,37865,handoff/notebook-20261003-external-catalog-frontend,docs/handoff/notebook-20261003/external/catalog-frontend/0688-error-context.md,d3bd851e25e5b9620137712772ca0b8a04a3b64d,preserve,
D:\1212\artifacts\commerce-v3-full-e2e\taba2-brand-home-con-histo-3d373--el-acceso-dice-cuántas-hay-chromium\error-context.md,26979,handoff/notebook-20261003-external-catalog-frontend,docs/handoff/notebook-20261003/external/catalog-frontend/0689-error-context.md,96f825e7b3592a636658d7f98033f2a74c65803e,preserve,
D:\1212\artifacts\commerce-v3-full-e2e\taba2-brand-home-con-movim-81b8d-estado-sigue-siendo-legible-chromium\error-context.md,42845,handoff/notebook-20261003-external-catalog-frontend,docs/handoff/notebook-20261003/external/catalog-frontend/0690-error-context.md,6b1ef163b7f2b5b0b592bd54004bd25a36eaec58,preserve,
D:\1212\artifacts\commerce-v3-full-e2e\taba2-brand-home-el-emblem-197ab--aro-de-historias-encendido-chromium\error-context.md,27133,handoff/notebook-20261003-external-catalog-frontend,docs/handoff/notebook-20261003/external/catalog-frontend/0691-error-context.md,2d955cdd0fa4c1416f7b38119c9e64c524f6015a,preserve,
D:\1212\artifacts\commerce-v3-full-e2e\taba2-brand-home-el-foco-vuelve-al-logo-al-cerrar-el-visor-chromium\error-context.md,42513,handoff/notebook-20261003-external-catalog-frontend,docs/handoff/notebook-20261003/external/catalog-frontend/0692-error-context.md,6b0dee8b8a51b29d19574190d6db532c6f754543,preserve,
D:\1212\artifacts\commerce-v3-full-e2e\taba2-brand-home-el-seguim-7f458-e-lee-sobre-el-shell-oscuro-chromium\error-context.md,94251,handoff/notebook-20261003-external-catalog-frontend,docs/handoff/notebook-20261003/external/catalog-frontend/0693-error-context.md,502ec479b37c788b5d732149a71c51890272ebc1,preserve,
D:\1212\artifacts\commerce-v3-full-e2e\taba2-brand-home-el-shell--6c194-ntre-las-vistas-del-cliente-chromium\error-context.md,42877,handoff/notebook-20261003-external-catalog-frontend,docs/handoff/notebook-20261003/external/catalog-frontend/0694-error-context.md,526606c7625006e24b1bb5da63c4cde18a53e946,preserve,
D:\1212\artifacts\commerce-v3-full-e2e\taba2-brand-home-la-caja-d-e59d2--y-con-historias-mide-igual-chromium\error-context.md,42656,handoff/notebook-20261003-external-catalog-frontend,docs/handoff/notebook-20261003/external/catalog-frontend/0695-error-context.md,e1838ae52359a6cadb122736d3a6a766870ababb,preserve,
D:\1212\artifacts\commerce-v3-full-e2e\taba2-brand-home-la-navega-fb9ae-contador-y-estado-accesible-chromium\error-context.md,43040,handoff/notebook-20261003-external-catalog-frontend,docs/handoff/notebook-20261003/external/catalog-frontend/0696-error-context.md,ff9a8323fcae1554ee3debd5f3f75c4937027fec,preserve,
D:\1212\artifacts\commerce-v3-full-e2e\taba2-brand-home-la-superf-7a7c6--en-toda-la-app-del-cliente-chromium\error-context.md,42702,handoff/notebook-20261003-external-catalog-frontend,docs/handoff/notebook-20261003/external/catalog-frontend/0697-error-context.md,dffd988002a81c42c382d9fff530c91adaafc816,preserve,
D:\1212\artifacts\commerce-v3-full-e2e\taba2-brand-home-las-histo-4a0f0-l-aro-en-vez-de-desaparecer-chromium\error-context.md,42484,handoff/notebook-20261003-external-catalog-frontend,docs/handoff/notebook-20261003/external/catalog-frontend/0698-error-context.md,1960800e9577df29e4c3af35cbb97aa02a949f17,preserve,
D:\1212\artifacts\commerce-v3-full-e2e\taba2-brand-home-ningún-te-8b0fc-nte-queda-por-debajo-de-3-1-chromium\error-context.md,94911,handoff/notebook-20261003-external-catalog-frontend,docs/handoff/notebook-20261003/external/catalog-frontend/0699-error-context.md,9de3212a65e3da08e16c72820020382efd370127,preserve,
D:\1212\artifacts\commerce-v3-full-e2e\taba2-brand-home-Perfil-of-481ff-as-que-la-home-sincronizada-chromium\error-context.md,15038,handoff/notebook-20261003-external-catalog-frontend,docs/handoff/notebook-20261003/external/catalog-frontend/0700-error-context.md,f30010e923fd41679a5a7f1bec17a7bd928420a3,preserve,
D:\1212\artifacts\commerce-v3-full-e2e\taba2-brand-home-sin-histo-c8878-go-no-se-anuncia-como-botón-chromium\error-context.md,42317,handoff/notebook-20261003-external-catalog-frontend,docs/handoff/notebook-20261003/external/catalog-frontend/0701-error-context.md,6a25d9de23385d7729ec4f2cf290e21636ae7233,preserve,
D:\1212\artifacts\commerce-v3-full-e2e\taba2-commercial-p1-closur-03f8f--la-editorial-sin-CTA-sigue-chromium\error-context.md,26014,handoff/notebook-20261003-external-commercial-media,docs/handoff/notebook-20261003/external/commercial-media/0702-error-context.md,5a4aae63e82ecc66579b2426f3dd02cb8abf7555,preserve,
D:\1212\artifacts\commerce-v3-full-e2e\taba2-commercial-p1-closur-411fa-nguna-promete-lo-invendible-chromium\error-context.md,41987,handoff/notebook-20261003-external-commercial-media,docs/handoff/notebook-20261003/external/commercial-media/0703-error-context.md,8df9af3f99949c38d8ce873c6650ae70bf5061e1,preserve,
D:\1212\artifacts\commerce-v3-full-e2e\taba2-commercial-p1-closur-62607-rror-real-y-nunca-un-upsell-chromium\error-context.md,12519,handoff/notebook-20261003-external-commercial-media,docs/handoff/notebook-20261003/external/commercial-media/0704-error-context.md,1f161f0439c19f9a077fff2c86517c6fbe3fe555,preserve,
D:\1212\artifacts\commerce-v3-regression-e2e\taba2-commercial-p1-closur-03f8f--la-editorial-sin-CTA-sigue-chromium\error-context.md,26014,handoff/notebook-20261003-external-commercial-media,docs/handoff/notebook-20261003/external/commercial-media/0705-error-context.md,5a4aae63e82ecc66579b2426f3dd02cb8abf7555,preserve,
D:\1212\artifacts\commerce-v3-regression-e2e\taba2-commercial-p1-closur-411fa-nguna-promete-lo-invendible-chromium\error-context.md,41987,handoff/notebook-20261003-external-commercial-media,docs/handoff/notebook-20261003/external/commercial-media/0706-error-context.md,8df9af3f99949c38d8ce873c6650ae70bf5061e1,preserve,
D:\1212\artifacts\la-taba-business-synthetic-recertification-8028dcc\cleanup.md,564,handoff/notebook-20261003-external-business-fiscal,docs/handoff/notebook-20261003/external/business-fiscal/0707-cleanup.md,b802013f72bf7813b33318773fd918185e50a875,preserve,
D:\1212\artifacts\la-taba-business-synthetic-recertification-8028dcc\comparacion.md,3020,handoff/notebook-20261003-external-business-fiscal,docs/handoff/notebook-20261003/external/business-fiscal/0708-comparacion.md,cc9b305523aa8d5b9c2beafcb307f2b1dc84e505,preserve,
D:\1212\artifacts\la-taba-business-synthetic-recertification-8028dcc\gates.md,4172,handoff/notebook-20261003-external-business-fiscal,docs/handoff/notebook-20261003/external/business-fiscal/0709-gates.md,3e5b6c5b61f4b97e167c8d1cc7db7eb2953ccdff,preserve,
D:\1212\artifacts\la-taba-business-synthetic-recertification-8028dcc\git.md,832,handoff/notebook-20261003-external-business-fiscal,docs/handoff/notebook-20261003/external/business-fiscal/0710-git.md,2fce87dc659d3a35b8f0819f2fc2eb15c01e9b30,preserve,
D:\1212\artifacts\la-taba-business-synthetic-recertification-8028dcc\hallazgo-postgresql.md,3866,handoff/notebook-20261003-external-business-fiscal,docs/handoff/notebook-20261003/external/business-fiscal/0711-hallazgo-postgresql.md,f8b453a62e9e8125f5431c138454d0cecbfa0d15,preserve,
D:\1212\artifacts\la-taba-business-synthetic-recertification-8028dcc\matriz.md,7895,handoff/notebook-20261003-external-business-fiscal,docs/handoff/notebook-20261003/external/business-fiscal/0712-matriz.md,516156719fa74a4ca792d7c89b4e2fdf9334d2cf,preserve,
D:\1212\artifacts\la-taba-business-synthetic-recertification-8028dcc\regresion-visual.md,2412,handoff/notebook-20261003-external-business-fiscal,docs/handoff/notebook-20261003/external/business-fiscal/0713-regresion-visual.md,3cb53087b706a1ec9b7964a35213be14add33045,preserve,
D:\1212\artifacts\la-taba-business-synthetic-recertification-8028dcc\capturas\CAPTURAS.md,576,handoff/notebook-20261003-external-business-fiscal,docs/handoff/notebook-20261003/external/business-fiscal/0714-CAPTURAS.md,86754892e073dffff0f11f826a9497143b21ae5b,preserve,
D:\1212\artifacts\la-taba-business-synthetic-recertification-8028dcc\capturas-responsive\CAPTURAS-RESPONSIVE.md,1034,handoff/notebook-20261003-external-business-fiscal,docs/handoff/notebook-20261003/external/business-fiscal/0715-CAPTURAS-RESPONSIVE.md,39e4dd3d174eba397457221cc02db7009571ceaa,preserve,
D:\1212\artifacts\la-taba-rider-android-hardening\PHYSICAL_TEST_CHECKLIST.md,954,handoff/notebook-20261003-external-rider,docs/handoff/notebook-20261003/external/rider/0716-PHYSICAL_TEST_CHECKLIST.md,7ecce78e1acd3d784e750d81cfde942160b26f3d,preserve,
D:\1212\artifacts\la-taba-rider-pilot-readiness\CERTIFICATION_EVIDENCE.md,2164,handoff/notebook-20261003-external-rider,docs/handoff/notebook-20261003/external/rider/0717-CERTIFICATION_EVIDENCE.md,352de1e8c9ebf542be9eaccd58eb7d77cc806619,preserve,
D:\1212\artifacts\la-taba-rider-pilot-readiness\LIVE_STAGING_STATUS.md,899,handoff/notebook-20261003-external-rider,docs/handoff/notebook-20261003/external/rider/0718-LIVE_STAGING_STATUS.md,b2878977f14c639f7be48f37ae4f8f4f16a8438e,preserve,
D:\1212\artifacts\la-taba-rider-pilot-readiness\LOGCAT_SANITIZED.md,763,handoff/notebook-20261003-external-rider,docs/handoff/notebook-20261003/external/rider/0719-LOGCAT_SANITIZED.md,f95987610966370d5719a2b58fdafcb14a49c0f0,preserve,
D:\1212\artifacts\la-taba-rider-pilot-readiness\MOTO_G15_PHYSICAL_VALIDATION_CHECKLIST.md,3038,handoff/notebook-20261003-external-rider,docs/handoff/notebook-20261003/external/rider/0720-MOTO_G15_PHYSICAL_VALIDATION_CHECKLIST.md,33da7aad3273652d4933b1607651c4531952f45f,preserve,
D:\1212\artifacts\la-taba-rider-pilot-readiness\UX_AUDIT.md,12508,handoff/notebook-20261003-external-rider,docs/handoff/notebook-20261003/external/rider/0721-UX_AUDIT.md,e2b689192fa7ddb2554b10bf121b9572f7a00a24,preserve,
D:\1212\artifacts\la-taba-rider-pilot-readiness\VISUAL_REVIEW.md,3904,handoff/notebook-20261003-external-rider,docs/handoff/notebook-20261003/external/rider/0722-VISUAL_REVIEW.md,b307b32404b612255b068b2ff0030cbbe9899aca,preserve,
D:\1212\artifacts\taba2-business-operations-delivery\staging-preflight\PREFLIGHT.md,5249,handoff/notebook-20261003-external-rider,docs/handoff/notebook-20261003/external/rider/0723-PREFLIGHT.md,10247dfb8a93c39ff964a16e8d635c252e68c9af,preserve,
D:\1212\artifacts\taba2-business-operations-delivery\staging-preflight\schema-antes.sql,964131,handoff/notebook-20261003-external-rider,docs/handoff/notebook-20261003/external/rider/0724-schema-antes.sql,053946419a0d180be7acc4409625782c878df7ee,preserve,
D:\1212\artifacts\taba2-catalog-premium\ab.mjs,7208,handoff/notebook-20261003-external-catalog-frontend,docs/handoff/notebook-20261003/external/catalog-frontend/0725-ab.mjs,e32308aac1480d42a92e058512bd801b5ab49d1b,preserve,
D:\1212\artifacts\taba2-catalog-premium\capturar.mjs,8769,handoff/notebook-20261003-external-catalog-frontend,docs/handoff/notebook-20261003/external/catalog-frontend/0726-capturar.mjs,da63fe1d3c503738c941e115087adac5795889f2,preserve,
D:\1212\artifacts\taba2-catalog-premium\mirar.mjs,3173,handoff/notebook-20261003-external-catalog-frontend,docs/handoff/notebook-20261003/external/catalog-frontend/0727-mirar.mjs,f50cfe93b5b22b9b990db265dadb8ba7783bcb7f,preserve,
D:\1212\artifacts\taba2-catalog-visual-polish\preview-deploy\VERIFICACION-PREVIEW.md,4481,handoff/notebook-20261003-external-catalog-frontend,docs/handoff/notebook-20261003/external/catalog-frontend/0728-VERIFICACION-PREVIEW.md,e8069ce0838046bbe182084785abd0b832f4851d,preserve,
D:\1212\artifacts\taba2-catalog-visual-polish\preview-deploy\verify-preview-cart.mjs,3339,handoff/notebook-20261003-external-catalog-frontend,docs/handoff/notebook-20261003/external/catalog-frontend/0729-verify-preview-cart.mjs,fac2d1a0d72e7dde12edfd2a6e4f8de435ae6d6d,preserve,
D:\1212\artifacts\taba2-catalog-visual-polish\preview-deploy\verify-preview-deploy.mjs,12631,handoff/notebook-20261003-external-catalog-frontend,docs/handoff/notebook-20261003/external/catalog-frontend/0730-verify-preview-deploy.mjs,db82fb56594d7d41e8036e6acf485ad1a2e9f075,preserve,
D:\1212\artifacts\taba2-catalog-visual-polish\preview-deploy\qa\VERIFICACION.md,5469,handoff/notebook-20261003-external-catalog-frontend,docs/handoff/notebook-20261003/external/catalog-frontend/0731-VERIFICACION.md,434231d0c016d83270c12e98ec90946e1c2bc3d9,preserve,
D:\1212\artifacts\taba2-commercial-p1-closure\commercial-data-blockers.md,3876,handoff/notebook-20261003-external-commercial-media,docs/handoff/notebook-20261003/external/commercial-media/0732-commercial-data-blockers.md,e221aa378b02a0aa066d6a9402d5d55a0fdb06fb,preserve,
D:\1212\artifacts\taba2-commercial-shelf-stage1\shelf-stage1.md,7237,handoff/notebook-20261003-external-commercial-media,docs/handoff/notebook-20261003/external/commercial-media/0733-shelf-stage1.md,262843120edd9eff9edaf2f98b9df651b4725b0b,preserve,
D:\1212\artifacts\taba2-consolidation\LOCAL-CHANGES-INVENTORY.md,8237,handoff/notebook-20261003-external-qa-evidence,docs/handoff/notebook-20261003/external/qa-evidence/0734-LOCAL-CHANGES-INVENTORY.md,334327f0a6c48494f20abe7113ea5cbe52ed7cd2,preserve,
D:\1212\artifacts\taba2-customer-experience-integration\ab-vs-catalogo.mjs,7232,handoff/notebook-20261003-external-catalog-frontend,docs/handoff/notebook-20261003/external/catalog-frontend/0735-ab-vs-catalogo.mjs,00809731302b788b0b45f2ebcb0cea3461bb6f53,preserve,
D:\1212\artifacts\taba2-customer-experience-integration\ab.mjs,7205,handoff/notebook-20261003-external-qa-evidence,docs/handoff/notebook-20261003/external/qa-evidence/0736-ab.mjs,b39269bb654e626974abd24a9539d255cf40a2a3,preserve,
D:\1212\artifacts\taba2-customer-experience-integration\modulos-home.mjs,1757,handoff/notebook-20261003-external-catalog-frontend,docs/handoff/notebook-20261003/external/catalog-frontend/0737-modulos-home.mjs,17a07fb874d383bc984da7f0034d661c58bd128d,preserve,
D:\1212\artifacts\taba2-customer-experience-integration\peso-modulos.mjs,1799,handoff/notebook-20261003-external-qa-evidence,docs/handoff/notebook-20261003/external/qa-evidence/0738-peso-modulos.mjs,e39fecb42b6b6ba24e553b571beed9fc7f9e1569,preserve,
D:\1212\artifacts\taba2-customer-experience-integration\regresion-cruzada.spec.mjs,14666,handoff/notebook-20261003-external-qa-evidence,docs/handoff/notebook-20261003/external/qa-evidence/0739-regresion-cruzada.spec.mjs,23dc56fe68568f812a58df64076c89800a88fc2e,preserve,
D:\1212\artifacts\taba2-customer-experience-integration\upgrade-sw.mjs,10724,handoff/notebook-20261003-external-qa-evidence,docs/handoff/notebook-20261003/external/qa-evidence/0740-upgrade-sw.mjs,6fdaab34f5c7fb5a8c4bbe017345f6bea3e079d1,preserve,
D:\1212\artifacts\taba2-customer-overnight-rc\LEEME.md,2464,handoff/notebook-20261003-external-qa-evidence,docs/handoff/notebook-20261003/external/qa-evidence/0741-LEEME.md,992239041260b4b863256a35abca4269240101e2,preserve,
D:\1212\artifacts\taba2-customer-overnight-rc\a11y\a11y-chromium.md,4226,handoff/notebook-20261003-external-qa-evidence,docs/handoff/notebook-20261003/external/qa-evidence/0742-a11y-chromium.md,6e0f451744cbbc06234c4fa0077055a7fcfce573,preserve,
D:\1212\artifacts\taba2-customer-overnight-rc\a11y\a11y-webkit.md,4214,handoff/notebook-20261003-external-qa-evidence,docs/handoff/notebook-20261003/external/qa-evidence/0743-a11y-webkit.md,31fbc533d09ca2a8d6935f6e690a02f04ac24616,preserve,
D:\1212\artifacts\taba2-customer-overnight-rc\contraste\audit-chromium.md,2123,handoff/notebook-20261003-external-qa-evidence,docs/handoff/notebook-20261003/external/qa-evidence/0744-audit-chromium.md,42be108f637db17e936ac726ec5b4f6f020eb2c6,preserve,
D:\1212\artifacts\taba2-customer-overnight-rc\responsive\responsive-chromium.md,2646,handoff/notebook-20261003-external-qa-evidence,docs/handoff/notebook-20261003/external/qa-evidence/0745-responsive-chromium.md,f32e9324418b4941d9c528fdb7b7531bf97eb431,preserve,
D:\1212\artifacts\taba2-customer-overnight-rc\responsive\responsive-webkit.md,2646,handoff/notebook-20261003-external-qa-evidence,docs/handoff/notebook-20261003/external/qa-evidence/0746-responsive-webkit.md,f32e9324418b4941d9c528fdb7b7531bf97eb431,preserve,
D:\1212\artifacts\taba2-demo-walter\DEMO-WALTER.md,4129,handoff/notebook-20261003-external-qa-evidence,docs/handoff/notebook-20261003/external/qa-evidence/0747-DEMO-WALTER.md,2dbc3fb49e4d900861d37dccb565e7d9bdfa2db2,preserve,
D:\1212\artifacts\taba2-digital-commerce\medicion\ab-local.mjs,5082,handoff/notebook-20261003-external-qa-evidence,docs/handoff/notebook-20261003/external/qa-evidence/0748-ab-local.mjs,52f94f84cd7af26e2aabe47d1ca255c7f4265ca2,preserve,
D:\1212\artifacts\taba2-digital-commerce\medicion\medir-storefront.mjs,8093,handoff/notebook-20261003-external-catalog-frontend,docs/handoff/notebook-20261003/external/catalog-frontend/0749-medir-storefront.mjs,37b483742a00e898aecd635a57d75430beb1a8cd,preserve,
D:\1212\artifacts\taba2-digital-commerce\visual\audit-chromium.md,2831,handoff/notebook-20261003-external-qa-evidence,docs/handoff/notebook-20261003/external/qa-evidence/0750-audit-chromium.md,06c90226736716b1badd1e7c2d09d906e3b73de4,preserve,
D:\1212\artifacts\taba2-digital-commerce\visual\audit-webkit.md,2831,handoff/notebook-20261003-external-qa-evidence,docs/handoff/notebook-20261003/external/qa-evidence/0751-audit-webkit.md,06c90226736716b1badd1e7c2d09d906e3b73de4,preserve,
D:\1212\artifacts\taba2-digital-commerce\visual-base\audit-chromium.md,707,handoff/notebook-20261003-external-qa-evidence,docs/handoff/notebook-20261003/external/qa-evidence/0752-audit-chromium.md,8b3fcf61fd951098eea986dace379c2eca26b3c5,preserve,
D:\1212\artifacts\taba2-e2e-test-staging\auditoria-forense-migraciones.md,7655,handoff/notebook-20261003-external-backend-qa,docs/handoff/notebook-20261003/external/backend-qa/0753-auditoria-forense-migraciones.md,eb7baeb1dbc32bd1e8dd84f42738c846c0e5cd12,preserve,
D:\1212\artifacts\taba2-e2e-test-staging\brecha-01-local-db.md,13097,handoff/notebook-20261003-external-backend-qa,docs/handoff/notebook-20261003/external/backend-qa/0754-brecha-01-local-db.md,a8b31174798618a46238d5f0b445e414b398eb44,preserve,
D:\1212\artifacts\taba2-e2e-test-staging\business-panel-contract-inventory.md,33184,handoff/notebook-20261003-external-business-fiscal,docs/handoff/notebook-20261003/external/business-fiscal/0755-business-panel-contract-inventory.md,11c6ad3e692fc1cead26b3f2a39fcea0f7d049de,preserve,
D:\1212\artifacts\taba2-e2e-test-staging\e2e-gate-matrix.md,14644,handoff/notebook-20261003-external-backend-qa,docs/handoff/notebook-20261003/external/backend-qa/0756-e2e-gate-matrix.md,bf2384f68ce0063cd57eed34719932c75cd8fa03,preserve,
D:\1212\artifacts\taba2-e2e-test-staging\edge-functions-deploy-inventory.md,9620,handoff/notebook-20261003-external-backend-qa,docs/handoff/notebook-20261003/external/backend-qa/0757-edge-functions-deploy-inventory.md,295e8fce339a4ec7baf5c1c5343985d0f39be3d3,preserve,
D:\1212\artifacts\taba2-e2e-test-staging\grafo-de-commits.md,7719,handoff/notebook-20261003-external-backend-qa,docs/handoff/notebook-20261003/external/backend-qa/0758-grafo-de-commits.md,354f2c1a3a458b6b18756563b033909210bba772,preserve,
D:\1212\artifacts\taba2-e2e-test-staging\inventario-worktrees.md,5605,handoff/notebook-20261003-external-backend-qa,docs/handoff/notebook-20261003/external/backend-qa/0759-inventario-worktrees.md,928db4b8f235ddeae323f3e04d64560754658c67,preserve,
D:\1212\artifacts\taba2-e2e-test-staging\order-payment-delivery-state-machine.md,6538,handoff/notebook-20261003-external-rider,docs/handoff/notebook-20261003/external/rider/0760-order-payment-delivery-state-machine.md,a89c96c2daffd64074cfec39c28c99c2642f8943,preserve,
D:\1212\artifacts\taba2-e2e-test-staging\plan-de-integracion.md,7546,handoff/notebook-20261003-external-backend-qa,docs/handoff/notebook-20261003/external/backend-qa/0761-plan-de-integracion.md,1b38402807df3407170d22e9740564d6cf6c7725,preserve,
D:\1212\artifacts\taba2-e2e-test-staging\plan-de-migraciones.md,3999,handoff/notebook-20261003-external-backend-qa,docs/handoff/notebook-20261003/external/backend-qa/0762-plan-de-migraciones.md,421a6cbafa2b31972da4154b34d4368e9b25d076,preserve,
D:\1212\artifacts\taba2-e2e-test-staging\remote-only-migration-20260804090000.md,4694,handoff/notebook-20261003-external-backend-qa,docs/handoff/notebook-20261003/external/backend-qa/0763-remote-only-migration-20260804090000.md,4f2f0dc25f1c344bad3af790bb0b299c3f671f4b,preserve,
D:\1212\artifacts\taba2-e2e-test-staging\riesgos.md,6436,handoff/notebook-20261003-external-backend-qa,docs/handoff/notebook-20261003/external/backend-qa/0764-riesgos.md,95c44ba0d739544fc0c0d408042ce5ea70494bb2,preserve,
D:\1212\artifacts\taba2-e2e-test-staging\secrets-surface.md,4332,handoff/notebook-20261003-external-backend-qa,docs/handoff/notebook-20261003/external/backend-qa/0765-secrets-surface.md,fb19f70c94810b37c7983da9fb20205feec0621e,preserve,
D:\1212\artifacts\taba2-e2e-test-staging\staging-baseline.md,5706,handoff/notebook-20261003-external-backend-qa,docs/handoff/notebook-20261003/external/backend-qa/0766-staging-baseline.md,4d43ac211ba52dabd9e487b13ffcc739f308a0fc,preserve,
D:\1212\artifacts\taba2-e2e-test-staging\staging-db-push-report.md,13914,handoff/notebook-20261003-external-backend-qa,docs/handoff/notebook-20261003/external/backend-qa/0767-staging-db-push-report.md,c09d7bc1f1617fafed4780f526ac3f77139ff004,preserve_redacted,257
D:\1212\artifacts\taba2-e2e-test-staging\staging-deploy-plan.md,16480,handoff/notebook-20261003-external-backend-qa,docs/handoff/notebook-20261003/external/backend-qa/0768-staging-deploy-plan.md,5f9e408665a3d97a209ae22b3dd7c818f7a66a26,preserve,
D:\1212\artifacts\taba2-e2e-test-staging\version-collision-resolution.md,6903,handoff/notebook-20261003-external-backend-qa,docs/handoff/notebook-20261003/external/backend-qa/0769-version-collision-resolution.md,494cf494f5d32c13e904535e0da79b058332d101,preserve,
D:\1212\artifacts\taba2-e2e-test-staging\backup-20260805\roles.sql,370,handoff/notebook-20261003-external-backend-qa,docs/handoff/notebook-20261003/external/backend-qa/0771-roles.sql,71f472f704ecf3993c7a9c0c452ab92ffab7e10c,preserve,
D:\1212\artifacts\taba2-e2e-test-staging\backup-20260805\schema.sql,300252,handoff/notebook-20261003-external-backend-qa,docs/handoff/notebook-20261003/external/backend-qa/0772-schema.sql,3ec4a5874549a8b67c2cf21d532e3f048baa8ac6,preserve,
D:\1212\artifacts\taba2-intake-dispatch-staging\INFORME.md,10586,handoff/notebook-20261003-external-backend-qa,docs/handoff/notebook-20261003/external/backend-qa/0774-INFORME.md,a36123b7847ff913735cf68c9f7e20e2f9d75d1f,preserve,
D:\1212\artifacts\taba2-mp-e2e-20260806\auto-webhook.mjs,6518,handoff/notebook-20261003-external-backend-qa,docs/handoff/notebook-20261003/external/backend-qa/0775-auto-webhook.mjs,ccdfd9ca34c11c23b03124034f1431f1f98a1347,preserve,
D:\1212\artifacts\taba2-mp-e2e-20260806\baseline.mjs,1192,handoff/notebook-20261003-external-backend-qa,docs/handoff/notebook-20261003/external/backend-qa/0776-baseline.mjs,b04d42bd717095b9d164ba9f3558284697937107,preserve,
D:\1212\artifacts\taba2-mp-e2e-20260806\build-migration.mjs,2960,handoff/notebook-20261003-external-backend-qa,docs/handoff/notebook-20261003/external/backend-qa/0777-build-migration.mjs,17fbbea59fa715ffe7f59840a308c2ffd6650fbc,preserve,
D:\1212\artifacts\taba2-mp-e2e-20260806\build-migration2.mjs,3750,handoff/notebook-20261003-external-backend-qa,docs/handoff/notebook-20261003/external/backend-qa/0778-build-migration2.mjs,204c2af70d832c7d224063f0a5b090033a776e24,preserve,
D:\1212\artifacts\taba2-mp-e2e-20260806\hmac-all.mjs,2474,handoff/notebook-20261003-external-backend-qa,docs/handoff/notebook-20261003/external/backend-qa/0779-hmac-all.mjs,11d4287901d428d2504cb02ece72a978cc7bdbc0,preserve,
D:\1212\artifacts\taba2-mp-e2e-20260806\hmac-probe.mjs,1702,handoff/notebook-20261003-external-backend-qa,docs/handoff/notebook-20261003/external/backend-qa/0780-hmac-probe.mjs,ab2d051feba34611da7c359c33e00d5d6f541392,preserve,
D:\1212\artifacts\taba2-mp-e2e-20260806\INFORME.md,6143,handoff/notebook-20261003-external-backend-qa,docs/handoff/notebook-20261003/external/backend-qa/0781-INFORME.md,a628389086d60be38b26a2a31e9bcc4b1e8f374b,preserve,
D:\1212\artifacts\taba2-mp-e2e-20260806\iphone-e2e.mjs,9327,handoff/notebook-20261003-external-backend-qa,docs/handoff/notebook-20261003/external/backend-qa/0782-iphone-e2e.mjs,a0748c342b584c7cc0a780af2b04833d450320dd,preserve,
D:\1212\artifacts\taba2-mp-e2e-20260806\mp-login-hold.mjs,1928,handoff/notebook-20261003-external-backend-qa,docs/handoff/notebook-20261003/external/backend-qa/0783-mp-login-hold.mjs,09748e669ac23e4557c48edba73326d6f4771af7,preserve,
D:\1212\artifacts\taba2-mp-e2e-20260806\mp-oauth.mjs,3137,handoff/notebook-20261003-external-backend-qa,docs/handoff/notebook-20261003/external/backend-qa/0784-mp-oauth.mjs,ba66b953e5e7a3cdf04231d79fa342d88e7c484c,preserve,
D:\1212\artifacts\taba2-mp-e2e-20260806\mp-panel.mjs,5239,handoff/notebook-20261003-external-business-fiscal,docs/handoff/notebook-20261003/external/business-fiscal/0785-mp-panel.mjs,5e56f16a079799cdb17abc936e9ba0622f7864af,preserve,
D:\1212\artifacts\taba2-mp-e2e-20260806\mp-step.mjs,4809,handoff/notebook-20261003-external-backend-qa,docs/handoff/notebook-20261003/external/backend-qa/0786-mp-step.mjs,9ba48377bfd41898b880da895c0dea6c1c4787a2,preserve,
D:\1212\artifacts\taba2-mp-e2e-20260806\panel-wait.mjs,1914,handoff/notebook-20261003-external-business-fiscal,docs/handoff/notebook-20261003/external/business-fiscal/0787-panel-wait.mjs,6484129dfdcfa109ade37e36ee5b556d63034073,preserve,
D:\1212\artifacts\taba2-mp-e2e-20260806\pay.mjs,7862,handoff/notebook-20261003-external-backend-qa,docs/handoff/notebook-20261003/external/backend-qa/0788-pay.mjs,534cec6abbb994a409e4eef67ed4a792a8fac6d2,preserve,
D:\1212\artifacts\taba2-mp-e2e-20260806\q.mjs,1299,handoff/notebook-20261003-external-backend-qa,docs/handoff/notebook-20261003/external/backend-qa/0789-q.mjs,cf1ec7fd378690254bf716d1f79486371d0fafe8,preserve,
D:\1212\artifacts\taba2-mp-e2e-20260806\recon.mjs,2141,handoff/notebook-20261003-external-backend-qa,docs/handoff/notebook-20261003/external/backend-qa/0790-recon.mjs,5aab010f8381fad440deb2df7c94a2d42a07bd5e,preserve,
D:\1212\artifacts\taba2-mp-e2e-20260806\watch-order.mjs,1529,handoff/notebook-20261003-external-backend-qa,docs/handoff/notebook-20261003/external/backend-qa/0791-watch-order.mjs,3658cfe2aa3e93e5730c34a7b0cb422a1c5dbd26,preserve,
D:\1212\artifacts\taba2-order-recovery-panel\INFORME.md,6532,handoff/notebook-20261003-external-business-fiscal,docs/handoff/notebook-20261003/external/business-fiscal/0794-INFORME.md,b8c995524d4943a0b97e9721d5e0144d7e205628,preserve,
D:\1212\artifacts\taba2-pilot-rc1\sw-antes.mjs,2133,handoff/notebook-20261003-external-qa-evidence,docs/handoff/notebook-20261003/external/qa-evidence/0795-sw-antes.mjs,80ff78536abed7b5850b7024f6623d6608ecaf2f,preserve,
D:\1212\artifacts\taba2-pilot-rc2\GATES-G0-G7.md,17927,handoff/notebook-20261003-external-backend-qa,docs/handoff/notebook-20261003/external/backend-qa/0797-GATES-G0-G7.md,1ce413cc1f909f4b72cc3b422e4793dff2fcb494,preserve,
D:\1212\artifacts\taba2-pilot-rc2\INTEGRATION-LOG.md,15472,handoff/notebook-20261003-external-qa-evidence,docs/handoff/notebook-20261003/external/qa-evidence/0798-INTEGRATION-LOG.md,ed6ab1a52cfe2bfc905d48da5fb7943d3cef2a55,preserve,
D:\1212\artifacts\taba2-pilot-rc2\PILOT-READINESS.md,11261,handoff/notebook-20261003-external-qa-evidence,docs/handoff/notebook-20261003/external/qa-evidence/0799-PILOT-READINESS.md,4182101f97946b7dd830b5073096b5919484e8d4,preserve,
D:\1212\artifacts\taba2-pilot-rc2\RC2-HANDOFF.md,13074,handoff/notebook-20261003-external-qa-evidence,docs/handoff/notebook-20261003/external/qa-evidence/0800-RC2-HANDOFF.md,03184e0a005370c952bb04cc8b41e927db07509f,preserve,
D:\1212\artifacts\taba2-pilot-rc2\ROLLBACK.md,7570,handoff/notebook-20261003-external-qa-evidence,docs/handoff/notebook-20261003/external/qa-evidence/0801-ROLLBACK.md,6db4ec9694c6515da7b7d23a220b5f3cb0736ddd,preserve,
D:\1212\artifacts\taba2-pilot-rc2\SOURCE-MATRIX.md,8620,handoff/notebook-20261003-external-qa-evidence,docs/handoff/notebook-20261003/external/qa-evidence/0802-SOURCE-MATRIX.md,b786df9a1011a03b12cbe91ff4c5baa5e43d4be0,preserve,
D:\1212\artifacts\taba2-pilot-rc2\artifacts-rider\APK-MANIFEST.md,4181,handoff/notebook-20261003-external-rider,docs/handoff/notebook-20261003/external/rider/0803-APK-MANIFEST.md,51632897e6056ba902ed7742b7d4e25ffac3114e,preserve,
D:\1212\artifacts\taba2-pilot-rc2-final-customer-gate\recorrido-por-granularidad.html,50686,handoff/notebook-20261003-external-backend-qa,docs/handoff/notebook-20261003/external/backend-qa/0804-recorrido-por-granularidad.html,be9ceacb002f0f4214b79892f5741987c75a6131,preserve,
D:\1212\artifacts\taba2-production-rc2\DNS-CUTOVER.md,4251,handoff/notebook-20261003-external-backend-qa,docs/handoff/notebook-20261003/external/backend-qa/0805-DNS-CUTOVER.md,7f64de6d275603cf565956a9ff207230fd8bc71e,preserve,
D:\1212\artifacts\taba2-production-rc2\EXTERNAL-GATES.md,11369,handoff/notebook-20261003-external-backend-qa,docs/handoff/notebook-20261003/external/backend-qa/0806-EXTERNAL-GATES.md,b9b2b1ebd0488b1815a3eda0bc621c9b769c79f4,preserve,
D:\1212\artifacts\taba2-production-rc2\README.md,3461,handoff/notebook-20261003-external-backend-qa,docs/handoff/notebook-20261003/external/backend-qa/0807-README.md,131d58150ab1099db9f116abd3fb51b7ace2ab56,preserve,
D:\1212\artifacts\taba2-production-rc2\RUNBOOK-GO-LIVE.md,10079,handoff/notebook-20261003-external-backend-qa,docs/handoff/notebook-20261003/external/backend-qa/0808-RUNBOOK-GO-LIVE.md,8c3caf0e1b070394fbe7f0017e4e0d41c9b65b17,preserve,
D:\1212\artifacts\taba2-production-rc2\RUNBOOK-ROLLBACK.md,5520,handoff/notebook-20261003-external-backend-qa,docs/handoff/notebook-20261003/external/backend-qa/0809-RUNBOOK-ROLLBACK.md,a7c872a3850b4e08a320739e45581ce8bdb97fa4,preserve,
D:\1212\artifacts\taba2-production-rc2\security\AUTH-POSTURE.md,5866,handoff/notebook-20261003-external-backend-qa,docs/handoff/notebook-20261003/external/backend-qa/0810-AUTH-POSTURE.md,626cf8411c9088f98c88c8ad2678b0a6a307ed4e,preserve,
D:\1212\artifacts\taba2-retail-unit-publication\duplicate-reconciliation.md,6428,handoff/notebook-20261003-external-backend-qa,docs/handoff/notebook-20261003/external/backend-qa/0811-duplicate-reconciliation.md,60b111b74b74cf52d1e9a820c8f60a203af7fed7,preserve,
D:\1212\artifacts\taba2-rider-commercial-redesign\auditoria-ui-actual.md,13236,handoff/notebook-20261003-external-rider,docs/handoff/notebook-20261003/external/rider/0812-auditoria-ui-actual.md,ba1795fd41e0516edaf6309205fe577116b0ad76,preserve,
D:\1212\artifacts\taba2-rider-commercial-redesign\comparacion-antes-referencia-resultado.md,4848,handoff/notebook-20261003-external-rider,docs/handoff/notebook-20261003/external/rider/0813-comparacion-antes-referencia-resultado.md,b35af838b344d6e571105dcbbd7e354ee1107fea,preserve,
D:\1212\artifacts\taba2-rider-commercial-redesign\plan-de-componentes.md,6958,handoff/notebook-20261003-external-rider,docs/handoff/notebook-20261003/external/rider/0814-plan-de-componentes.md,2b96c0292a18b9650835523b5fb8b6e320d58bc9,preserve,
D:\1212\artifacts\taba2-rider-commercial-redesign\referencia-vs-taba2.md,3993,handoff/notebook-20261003-external-rider,docs/handoff/notebook-20261003/external/rider/0815-referencia-vs-taba2.md,84a020cb09a554ddb8a75c1959e36b40276db918,preserve,
D:\1212\artifacts\taba2-rider-commercial-redesign\reporte-final.md,11498,handoff/notebook-20261003-external-rider,docs/handoff/notebook-20261003/external/rider/0816-reporte-final.md,58c264748df18ee269388c7a2e15e4024856d886,preserve,
D:\1212\artifacts\taba2-rider-commercial-redesign\reporte-p1-fix.md,11543,handoff/notebook-20261003-external-rider,docs/handoff/notebook-20261003/external/rider/0817-reporte-p1-fix.md,8867ea70b047f1527101e96a04e7172e656a18f2,preserve,
D:\1212\artifacts\taba2-rider-commercial-redesign\reporte-revision-fisica.md,10391,handoff/notebook-20261003-external-rider,docs/handoff/notebook-20261003/external/rider/0818-reporte-revision-fisica.md,804b81282f96123c8205252c497c53a07b766b49,preserve,
D:\1212\artifacts\taba2-rider-commercial-redesign\riesgos.md,6234,handoff/notebook-20261003-external-rider,docs/handoff/notebook-20261003/external/rider/0819-riesgos.md,1c2d41c1eeb382bd1b736aec8f07a68e4279c498,preserve,
D:\1212\artifacts\taba2-rider-commercial-redesign\state-machine-visual.md,10203,handoff/notebook-20261003-external-rider,docs/handoff/notebook-20261003/external/rider/0820-state-machine-visual.md,26e4702d20d266e3fe32b49431cfa1141ccee015,preserve,
D:\1212\artifacts\taba2-rider-commercial-ux\RIDER-COMMERCIAL-UX-HANDOFF.md,16857,handoff/notebook-20261003-external-rider,docs/handoff/notebook-20261003/external/rider/0821-RIDER-COMMERCIAL-UX-HANDOFF.md,8027eb0435878fa7e95d8597e8d2ee111d5a33bc,preserve,
D:\1212\artifacts\taba2-rider-commercial-ux\RIDER-PILOT-INTEGRATION-HANDOFF.md,13870,handoff/notebook-20261003-external-rider,docs/handoff/notebook-20261003/external/rider/0822-RIDER-PILOT-INTEGRATION-HANDOFF.md,0ccd1573c5c48604eaba066e0e0c9a02727f862d,preserve,
D:\1212\artifacts\taba2-rider-commercial-ux\after-integrated-moto\PERFORMANCE.md,8377,handoff/notebook-20261003-external-rider,docs/handoff/notebook-20261003/external/rider/0823-PERFORMANCE.md,fc91f508c43ef326054ec2a8aeaea286f875d169,preserve,
D:\1212\artifacts\taba2-rider-commercial-ux\after-integrated-moto\tabla-jank.md,1305,handoff/notebook-20261003-external-rider,docs/handoff/notebook-20261003/external/rider/0824-tabla-jank.md,df6382fa347e79fd6bd4c8785a049a1263e9bb82,preserve,
D:\1212\artifacts\taba2-rider-commercial-ux\evidencia\resumir-jank.mjs,4796,handoff/notebook-20261003-external-rider,docs/handoff/notebook-20261003/external/rider/0825-resumir-jank.mjs,561fcab7797e19bde00fba4870966b20571cc6e8,preserve,
D:\1212\artifacts\taba2-rider-login-3of3\reporte.md,8060,handoff/notebook-20261003-external-rider,docs/handoff/notebook-20261003/external/rider/0826-reporte.md,4659709557cc17ec45af92bc290dcf70c90b6035,preserve,
D:\1212\artifacts\taba2-rider-login-3of3\gate-3of3-final\reporte.md,9220,handoff/notebook-20261003-external-rider,docs/handoff/notebook-20261003/external/rider/0827-reporte.md,45b79f6343411c9c8b7c640d64374ac7ab3be557,preserve,
D:\1212\artifacts\taba2-rider-map-hardening\metricas-moto-g15.md,7460,handoff/notebook-20261003-external-rider,docs/handoff/notebook-20261003/external/rider/0828-metricas-moto-g15.md,e3a2fd38119dec72aeaab00ab0890653efbb5adc,preserve,
D:\1212\artifacts\taba2-rider-multi-order-physical\arnes\cert-vivo-2.mjs,9652,handoff/notebook-20261003-external-rider,docs/handoff/notebook-20261003/external/rider/0829-cert-vivo-2.mjs.redacted.txt,456b06cb0b680f7007bc8fa106a3d3368e1351d6,preserve_redacted,4
D:\1212\artifacts\taba2-rider-multi-order-physical\arnes\cert-vivo-3.mjs,9615,handoff/notebook-20261003-external-rider,docs/handoff/notebook-20261003/external/rider/0830-cert-vivo-3.mjs.redacted.txt,9847549518c3df0875599d33c478cb40fadb95d4,preserve_redacted,"4,47,49"
D:\1212\artifacts\taba2-rider-multi-order-physical\arnes\cert-vivo-4.mjs,6014,handoff/notebook-20261003-external-rider,docs/handoff/notebook-20261003/external/rider/0831-cert-vivo-4.mjs.redacted.txt,7f40e31aa15aa81b8b5024cc67395a8f54a41db9,preserve_redacted,4
D:\1212\artifacts\taba2-rider-multi-order-physical\arnes\cert-vivo.mjs,12668,handoff/notebook-20261003-external-rider,docs/handoff/notebook-20261003/external/rider/0832-cert-vivo.mjs.redacted.txt,2aa4fffb5d96d73c110c25c137585880dfa0feca,preserve_redacted,7
D:\1212\artifacts\taba2-rider-multi-order-physical\arnes\config.toml,15991,handoff/notebook-20261003-external-rider,docs/handoff/notebook-20261003/external/rider/0833-config.toml,bf79d4becf5cf6abe1ccb9e85cbb54186b66528f,preserve,
D:\1212\artifacts\taba2-rider-multi-order-physical\arnes\fixtures.sql,6507,handoff/notebook-20261003-external-rider,docs/handoff/notebook-20261003/external/rider/0834-fixtures.sql,b659dd4195a1d8d714ebeddc9980d2c351043c5c,preserve,
D:\1212\artifacts\taba2-rider-multi-order-physical\arnes\panel.mjs,2644,handoff/notebook-20261003-external-rider,docs/handoff/notebook-20261003/external/rider/0835-panel.mjs.redacted.txt,be2a64c8e0bfd0b0856c3d1b68df38588a451752,preserve_redacted,5
D:\1212\artifacts\taba2-rider-multi-order-physical\arnes\rider-probe.mjs,2678,handoff/notebook-20261003-external-rider,docs/handoff/notebook-20261003/external/rider/0836-rider-probe.mjs.redacted.txt,075ab4eafd4f55ca8878245b8da87c05ed31b9fd,preserve_redacted,"5,18"
D:\1212\artifacts\taba2-rider-production-physical\BUILD-RIDER-PRODUCTION.md,5724,handoff/notebook-20261003-external-rider,docs/handoff/notebook-20261003/external/rider/0837-BUILD-RIDER-PRODUCTION.md,01dc1363f173603e99b1407d6fbdcbabe493a868,preserve,
D:\1212\artifacts\taba2-rider-smoke-automation-build\corrida-real-reporte.md,4646,handoff/notebook-20261003-external-rider,docs/handoff/notebook-20261003/external/rider/0838-corrida-real-reporte.md,aa5c175c21859431fed88d291ee5fb5daea33fcb,preserve,
D:\1212\artifacts\taba2-rider-smoke-automation-build\delivery-state-machine.md,10679,handoff/notebook-20261003-external-rider,docs/handoff/notebook-20261003/external/rider/0839-delivery-state-machine.md,bcd2b032628a765784addb12b71cbe3c1d96ba63,preserve,
D:\1212\artifacts\taba2-rider-smoke-automation-build\qa-order-queue-contract.md,4871,handoff/notebook-20261003-external-rider,docs/handoff/notebook-20261003/external/rider/0840-qa-order-queue-contract.md,e3db39c97e4123442d81b5fc35398763f964f97b,preserve,
D:\1212\artifacts\taba2-rider-smoke-automation-build\reporte-final.md,6887,handoff/notebook-20261003-external-rider,docs/handoff/notebook-20261003/external/rider/0841-reporte-final.md,a84d5f4bce0faa5747967ad2ab3aa935d76f273e,preserve,
D:\1212\artifacts\taba2-rider-smoke-automation-build\reporte.md,11987,handoff/notebook-20261003-external-rider,docs/handoff/notebook-20261003/external/rider/0842-reporte.md,27108ba2993ade52ba49cfa29c36168f529fb54d,preserve,
D:\1212\artifacts\taba2-rider-smoke-automation-build\seed-fix-reporte.md,6899,handoff/notebook-20261003-external-rider,docs/handoff/notebook-20261003/external/rider/0843-seed-fix-reporte.md,ca19f70bce2056f3beccc978ae57885478ce7d71,preserve,
D:\1212\artifacts\taba2-rider-smoke-automation-build\test-accounting.md,6356,handoff/notebook-20261003-external-rider,docs/handoff/notebook-20261003/external/rider/0844-test-accounting.md,1bac90d82140965377748fdbc369faeb3ad0a6da,preserve,
D:\1212\artifacts\taba2-rider-smoke-automation-build\transition-readiness-audit.md,5764,handoff/notebook-20261003-external-rider,docs/handoff/notebook-20261003/external/rider/0845-transition-readiness-audit.md,b1be11676d731ef897b3345aa6aeb05452a2f597,preserve,
D:\1212\artifacts\taba2-rider-staging-smoke\SMOKE-REPORT.md,5934,handoff/notebook-20261003-external-rider,docs/handoff/notebook-20261003/external/rider/0846-SMOKE-REPORT.md,10609433806426c1dc35e10f294512ae2d46cb96,preserve,
D:\1212\artifacts\taba2-rider-staging-smoke-20260805T1435Z-preflight-abort\preflight-abortado.md,4220,handoff/notebook-20261003-external-rider,docs/handoff/notebook-20261003/external/rider/0847-preflight-abortado.md,1e081d656f4d0d1589252ae476fa8ec0d7636892,preserve,
D:\1212\artifacts\taba2-rider-staging-smoke-85751d1b-b122-49c2-a7fd-6475e18dd670\reporte.md,5493,handoff/notebook-20261003-external-rider,docs/handoff/notebook-20261003/external/rider/0848-reporte.md,1723851a5f4ac226676992fdffdce46f2f231223,preserve,
D:\1212\artifacts\taba2-rider-staging-smoke-95243dd4-621e-4b50-93ff-8bc3becfd99c\reporte.md,7561,handoff/notebook-20261003-external-rider,docs/handoff/notebook-20261003/external/rider/0849-reporte.md,d940476e7f6b4cdedcf86e25d378d8077b3edab3,preserve,
D:\1212\artifacts\taba2-seguir-mapa-permanente\evidencia\audit-states.mjs,14792,handoff/notebook-20261003-external-catalog-frontend,docs/handoff/notebook-20261003/external/catalog-frontend/0850-audit-states.mjs,9628f30141048e958721d879d6db62e702c7c967,preserve,
D:\1212\artifacts\taba2-seguir-mapa-permanente\evidencia\probe-nowebgl.mjs,2653,handoff/notebook-20261003-external-catalog-frontend,docs/handoff/notebook-20261003/external/catalog-frontend/0851-probe-nowebgl.mjs,aba222b0b92a5c1edceb3224ccf0a4e143804530,preserve,
D:\1212\artifacts\taba2-seguir-mapa-permanente\evidencia\wk-min.mjs,810,handoff/notebook-20261003-external-catalog-frontend,docs/handoff/notebook-20261003/external/catalog-frontend/0852-wk-min.mjs,25a6b3d23f5ef4d0b1240811bcc281952b9e7ec2,preserve,
D:\1212\artifacts\taba2-staging-comercial\evidencia\antes-snapshot-y-medicion.sql,4015,handoff/notebook-20261003-external-backend-qa,docs/handoff/notebook-20261003/external/backend-qa/0853-antes-snapshot-y-medicion.sql,2f356cbcf5db83eb57b7dd8c9441f6703cfae525,preserve,
D:\1212\artifacts\taba2-staging-comercial\evidencia\certificar-carrito-checkout.mjs,4317,handoff/notebook-20261003-external-backend-qa,docs/handoff/notebook-20261003/external/backend-qa/0854-certificar-carrito-checkout.mjs,79283081586126e8d57edd1fda399bf3140fba84,preserve,
D:\1212\artifacts\taba2-staging-comercial\evidencia\certificar-contratos.mjs,11948,handoff/notebook-20261003-external-backend-qa,docs/handoff/notebook-20261003/external/backend-qa/0855-certificar-contratos.mjs,8b35be2ec9fce934b2e493d8dbdc70f1d7fffad7,preserve,
D:\1212\artifacts\taba2-staging-comercial\evidencia\certificar-final.mjs,6810,handoff/notebook-20261003-external-backend-qa,docs/handoff/notebook-20261003/external/backend-qa/0856-certificar-final.mjs,31ef8eeb84d8db7cdced2d9b0059facd66e69455,preserve,
D:\1212\artifacts\taba2-staging-comercial\evidencia\explorar-flujo.mjs,3379,handoff/notebook-20261003-external-backend-qa,docs/handoff/notebook-20261003/external/backend-qa/0857-explorar-flujo.mjs,b7b52ba7484a69d9f0dbfadea094287b8e587e23,preserve,
D:\1212\artifacts\taba2-storefront-comercial\INFORME.md,12771,handoff/notebook-20261003-external-catalog-frontend,docs/handoff/notebook-20261003/external/catalog-frontend/0859-INFORME.md,e9efbe5fad98685a4c62d28b970344a7a107a056,preserve,
D:\1212\artifacts\taba2-storefront-comercial\README.md,1096,handoff/notebook-20261003-external-catalog-frontend,docs/handoff/notebook-20261003/external/catalog-frontend/0860-README.md,3984ca20d04e92f4710ecf8a68da18f0111662b1,preserve,
D:\1212\artifacts\taba2-unit-catalog-normalization\ambiguous-products.md,5210,handoff/notebook-20261003-external-catalog-frontend,docs/handoff/notebook-20261003/external/catalog-frontend/0861-ambiguous-products.md,976349dd1572851d0c6c6db9028c8c5d4210ac72,preserve,
D:\1212\artifacts\taba2-unit-catalog-normalization\catalog-audit.md,10962,handoff/notebook-20261003-external-catalog-frontend,docs/handoff/notebook-20261003/external/catalog-frontend/0862-catalog-audit.md,8a469563271ed61b319b410bc64a1bdca8be1f3e,preserve,
D:\1212\artifacts\taba2-unit-catalog-normalization\commercial-data-needed.md,5787,handoff/notebook-20261003-external-catalog-frontend,docs/handoff/notebook-20261003/external/catalog-frontend/0863-commercial-data-needed.md,ca721703365a13c50a9b85461d259e0841c48237,preserve,
D:\1212\artifacts\taba2-unit-catalog-normalization\unit-pricing-review.md,3910,handoff/notebook-20261003-external-catalog-frontend,docs/handoff/notebook-20261003/external/catalog-frontend/0864-unit-pricing-review.md,cc346ed3984cc31fc6374857280dd0b2f3e38df4,preserve,
D:\1212\artifacts\taba2-walter-commercial-demo\CRASH-RECOVERY-REPORT.md,9124,handoff/notebook-20261003-external-commercial-media,docs/handoff/notebook-20261003/external/commercial-media/0865-CRASH-RECOVERY-REPORT.md,e8af33f229c4c6560d4a12d59ee3f0f51de5fe51,preserve,
D:\1212\artifacts\taba2-walter-commercial-demo\EMPLOYMENT-VALUE.md,7073,handoff/notebook-20261003-external-commercial-media,docs/handoff/notebook-20261003/external/commercial-media/0866-EMPLOYMENT-VALUE.md,93ee247092b23b124fdd066fc14a0eaf81440122,preserve,
D:\1212\artifacts\taba2-walter-commercial-demo\EVIDENCE-MAP.md,14225,handoff/notebook-20261003-external-commercial-media,docs/handoff/notebook-20261003/external/commercial-media/0867-EVIDENCE-MAP.md,7e9b7d1c59c1bd8d13c536c29c097ae43207a01a,preserve,
D:\1212\artifacts\taba2-walter-commercial-demo\LOCATION-FIX-HANDOFF.md,10558,handoff/notebook-20261003-external-commercial-media,docs/handoff/notebook-20261003/external/commercial-media/0868-LOCATION-FIX-HANDOFF.md,26ab9ed6ec93954ea9cd5e1a767022e56adf6465,preserve,
D:\1212\artifacts\taba2-walter-commercial-demo\LOCATION-TRUTH-MANIFEST.md,9853,handoff/notebook-20261003-external-commercial-media,docs/handoff/notebook-20261003/external/commercial-media/0869-LOCATION-TRUTH-MANIFEST.md,0d78029546f0f11b95669c7979b26ddec8afb400,preserve,
D:\1212\artifacts\taba2-walter-commercial-demo\README.md,3896,handoff/notebook-20261003-external-commercial-media,docs/handoff/notebook-20261003/external/commercial-media/0870-README.md,f999c936f0f203d4c2faede51eb03ca310055ac0,preserve,
D:\1212\artifacts\taba2-walter-commercial-demo\STORYBOARD.md,11632,handoff/notebook-20261003-external-commercial-media,docs/handoff/notebook-20261003/external/commercial-media/0871-STORYBOARD.md,e516b8364727ef63a7252b9621fce9137ab1a67f,preserve,
D:\1212\artifacts\taba2-walter-commercial-demo\VIDEO-SCRIPT.md,10806,handoff/notebook-20261003-external-commercial-media,docs/handoff/notebook-20261003/external/commercial-media/0872-VIDEO-SCRIPT.md,25c37971fb0d969649d6f113cf10bccd4a6c5c2b,preserve,
D:\1212\artifacts\taba2-walter-commercial-demo\WALTER-PITCH.md,5613,handoff/notebook-20261003-external-commercial-media,docs/handoff/notebook-20261003/external/commercial-media/0873-WALTER-PITCH.md,fd52d96b0e748e5c4743de34d1bc08d1a0546c29,preserve,
D:\1212\artifacts\taba2-walter-commercial-demo\clips\CLIPS.md,1896,handoff/notebook-20261003-external-commercial-media,docs/handoff/notebook-20261003/external/commercial-media/0874-CLIPS.md,93d95e1cfb820b0a306c0f6ae9d03e81719f08c1,preserve,
D:\1212\artifacts\taba2-walter-commercial-demo\_work\audio.mjs,2021,handoff/notebook-20261003-external-commercial-media,docs/handoff/notebook-20261003/external/commercial-media/0875-audio.mjs,f6ee39edff6fb924b2e91c5d5aab28ce70b642e4,preserve,
D:\1212\artifacts\taba2-walter-commercial-demo\_work\build.mjs,10074,handoff/notebook-20261003-external-catalog-frontend,docs/handoff/notebook-20261003/external/catalog-frontend/0876-build.mjs,8a0d8d14843a7a7520cc188d385579fa3e51eb4e,preserve,
D:\1212\artifacts\taba2-walter-commercial-demo\_work\capturar-rider.ps1,4044,handoff/notebook-20261003-external-rider,docs/handoff/notebook-20261003/external/rider/0877-capturar-rider.ps1,63f97776841cc098bf7f2fb99120c1b52d7eff48,preserve,
D:\1212\artifacts\taba2-walter-commercial-demo\_work\fixtures.mjs,10132,handoff/notebook-20261003-external-commercial-media,docs/handoff/notebook-20261003/external/commercial-media/0878-fixtures.mjs,19fe266363493e27689297712e07361a944b18ad,preserve,
D:\1212\artifacts\taba2-walter-commercial-demo\_work\lib.mjs,13649,handoff/notebook-20261003-external-commercial-media,docs/handoff/notebook-20261003/external/commercial-media/0879-lib.mjs,ed237762fe93b0d4fe5bb0a143c6b58f8f0afa56,preserve,
D:\1212\artifacts\taba2-walter-commercial-demo\_work\s0.mjs,748,handoff/notebook-20261003-external-commercial-media,docs/handoff/notebook-20261003/external/commercial-media/0880-s0.mjs,5b22e565caaa9b466b1176998d0e7a19dbc455ee,preserve,
D:\1212\artifacts\taba2-walter-commercial-demo\_work\s1.mjs,5284,handoff/notebook-20261003-external-commercial-media,docs/handoff/notebook-20261003/external/commercial-media/0881-s1.mjs,bfb4d5787177a0f53bb691d101d320589f519001,preserve,
D:\1212\artifacts\taba2-walter-commercial-demo\_work\s1b.mjs,1918,handoff/notebook-20261003-external-commercial-media,docs/handoff/notebook-20261003/external/commercial-media/0882-s1b.mjs,55b7208ca4e662a5ff7f60d186b49580e3722d3f,preserve,
D:\1212\artifacts\taba2-walter-commercial-demo\_work\s2.mjs,4413,handoff/notebook-20261003-external-commercial-media,docs/handoff/notebook-20261003/external/commercial-media/0883-s2.mjs,3b944b6b9f435cfd123c6601cd39042af3167375,preserve,
D:\1212\artifacts\taba2-walter-commercial-demo\_work\s3.mjs,3736,handoff/notebook-20261003-external-commercial-media,docs/handoff/notebook-20261003/external/commercial-media/0884-s3.mjs,a1af87d4a8e512c9a2763da98dc1e453c385a33c,preserve,
D:\1212\artifacts\taba2-walter-commercial-demo\_work\s4.mjs,6065,handoff/notebook-20261003-external-commercial-media,docs/handoff/notebook-20261003/external/commercial-media/0885-s4.mjs,58b24640a182d2e735e1eb61fb99c03082cbbebd,preserve,
D:\1212\artifacts\taba2-walter-commercial-demo\_work\s5a.mjs,2617,handoff/notebook-20261003-external-commercial-media,docs/handoff/notebook-20261003/external/commercial-media/0886-s5a.mjs,33391c175b0a402e372a60104828be64b8f1afb2,preserve,
D:\1212\artifacts\taba2-walter-commercial-demo\_work\s5b.mjs,4148,handoff/notebook-20261003-external-commercial-media,docs/handoff/notebook-20261003/external/commercial-media/0887-s5b.mjs,dcc980e749e85f940a1782ff6e45934e161152fc,preserve,
D:\1212\artifacts\taba2-walter-commercial-demo\_work\s6.mjs,4609,handoff/notebook-20261003-external-commercial-media,docs/handoff/notebook-20261003/external/commercial-media/0888-s6.mjs,fd5dddb28942fd3782e2789611e668d8cdb708d4,preserve,
D:\1212\artifacts\taba2-walter-commercial-demo\_work\s7.mjs,4047,handoff/notebook-20261003-external-commercial-media,docs/handoff/notebook-20261003/external/commercial-media/0889-s7.mjs,4c9a0356c38cd2b1b7e96d03e57d29e892a042cf,preserve,
D:\1212\artifacts\taba2-walter-commercial-demo\_work\s9.mjs,1380,handoff/notebook-20261003-external-commercial-media,docs/handoff/notebook-20261003/external/commercial-media/0890-s9.mjs,b9c4f16111a59dc17f7b215854315b3844927b91,preserve,
D:\1212\artifacts\taba2-walter-commercial-demo\_work\serve.mjs,2450,handoff/notebook-20261003-external-commercial-media,docs/handoff/notebook-20261003/external/commercial-media/0891-serve.mjs,e00a749ef944c30b535c6bbca3a16587ec61a854,preserve,
D:\1212\artifacts\taba2-walter-commercial-demo\_work\overlay\compositor.html,24209,handoff/notebook-20261003-external-commercial-media,docs/handoff/notebook-20261003/external/commercial-media/0892-compositor.html,a997eadd7aa05a98a2480e13ecf6a6c771450310,preserve,
D:\1212\focused-webkit-compare\branch\la-taba-bottom-nav-respeta-safe-area-y-no-cubre-contenido-webkit\error-context.md,11246,handoff/notebook-20261003-external-qa-evidence,docs/handoff/notebook-20261003/external/qa-evidence/0893-error-context.md,158ec1d09a408e8c3815dddd850c9d055e17c19d,preserve,
D:\1212\focused-webkit-compare\head-branch\tests\e2e\la-taba.spec.mjs,37273,handoff/notebook-20261003-external-qa-evidence,docs/handoff/notebook-20261003/external/qa-evidence/0894-la-taba.spec.mjs,1ac33912cf091801bf6a5bbf7abdcd753cbbd6c3,preserve,
D:\1212\focused-webkit-compare\measure-branch\tests\e2e\la-taba.spec.mjs,37273,handoff/notebook-20261003-external-qa-evidence,docs/handoff/notebook-20261003/external/qa-evidence/0895-la-taba.spec.mjs,1ac33912cf091801bf6a5bbf7abdcd753cbbd6c3,preserve,
D:\1212\focused-webkit-compare\measure-branch-output\la-taba-bottom-nav-respeta-safe-area-y-no-cubre-contenido-webkit\error-context.md,12109,handoff/notebook-20261003-external-qa-evidence,docs/handoff/notebook-20261003/external/qa-evidence/0896-error-context.md,bb11c4f35b9780c15baf4735d1571d58ae9fc5a0,preserve,
D:\1212\focused-webkit-compare\measure-head-output\la-taba-bottom-nav-respeta-safe-area-y-no-cubre-contenido-webkit\error-context.md,11246,handoff/notebook-20261003-external-qa-evidence,docs/handoff/notebook-20261003/external/qa-evidence/0897-error-context.md,158ec1d09a408e8c3815dddd850c9d055e17c19d,preserve,
D:\1212\focused-webkit-compare\measure-head-output-2\la-taba-bottom-nav-respeta-safe-area-y-no-cubre-contenido-webkit\error-context.md,11283,handoff/notebook-20261003-external-qa-evidence,docs/handoff/notebook-20261003/external/qa-evidence/0898-error-context.md,74ec9b172b80ebc45a113f9ca5fe40b003727e29,preserve,
D:\1212\focused-webkit-compare\measure-la-branch-output\la-taba-bottom-nav-respeta-safe-area-y-no-cubre-contenido-webkit\error-context.md,12138,handoff/notebook-20261003-external-qa-evidence,docs/handoff/notebook-20261003/external/qa-evidence/0899-error-context.md,ed5eacf44b029ed0f5df9582d5fb8480d1daf1b5,preserve,
D:\1212\focused-webkit-compare\measure-rc\tests\e2e\la-taba.spec.mjs,37244,handoff/notebook-20261003-external-qa-evidence,docs/handoff/notebook-20261003/external/qa-evidence/0900-la-taba.spec.mjs,61cea59cf16600e3bc27b3d086cf56f80ce8a045,preserve,
D:\1212\focused-webkit-compare\measure-rc-output-2\la-taba-bottom-nav-respeta-safe-area-y-no-cubre-contenido-webkit\error-context.md,11332,handoff/notebook-20261003-external-qa-evidence,docs/handoff/notebook-20261003/external/qa-evidence/0901-error-context.md,35873a493bfc16cca51d987d615d8daadb5892eb,preserve,
D:\1212\focused-webkit-compare\rc\attempt-2\la-taba-bottom-nav-respeta-safe-area-y-no-cubre-contenido-webkit\error-context.md,11246,handoff/notebook-20261003-external-qa-evidence,docs/handoff/notebook-20261003/external/qa-evidence/0902-error-context.md,158ec1d09a408e8c3815dddd850c9d055e17c19d,preserve,
D:\1212\focused-webkit-compare\trace-extract\branch_la-taba-bottom-nav-respeta-safe-area-y-no-cubre-contenido-webkit_trace.zip\resources\7e27dfc94a21ae609f5bc4d533db4f60fc989dd8.css,70024,handoff/notebook-20261003-external-qa-evidence,docs/handoff/notebook-20261003/external/qa-evidence/0903-7e27dfc94a21ae609f5bc4d533db4f60fc989dd8.css,6b4bfda742afff685002a0aad0c1fcaaa966296b,preserve,
D:\1212\focused-webkit-compare\trace-extract\rc_attempt-2_la-taba-bottom-nav-respeta-safe-area-y-no-cubre-contenido-webkit_trace.zip\resources\7e27dfc94a21ae609f5bc4d533db4f60fc989dd8.css,70024,handoff/notebook-20261003-external-qa-evidence,docs/handoff/notebook-20261003/external/qa-evidence/0904-7e27dfc94a21ae609f5bc4d533db4f60fc989dd8.css,6b4bfda742afff685002a0aad0c1fcaaa966296b,preserve,
D:\1212\focused-webkit-compare-rc\tests\e2e\la-taba.spec.mjs,37273,handoff/notebook-20261003-external-qa-evidence,docs/handoff/notebook-20261003/external/qa-evidence/0905-la-taba.spec.mjs,1ac33912cf091801bf6a5bbf7abdcd753cbbd6c3,preserve,
D:\1212\taba-promo-v2\out\informe-taba-promo.html,136587,handoff/notebook-20261003-external-commercial-media,docs/handoff/notebook-20261003/external/commercial-media/1561-informe-taba-promo.html,84aeec2955d45c49709dc56be8680e52f5987015,preserve,
D:\1212\taba-promo-v2\scripts\build-edit.mjs,10174,handoff/notebook-20261003-external-catalog-frontend,docs/handoff/notebook-20261003/external/catalog-frontend/1562-build-edit.mjs,3d3d10ef0b48ff593f1fc5953935c05d93e15627,preserve,
D:\1212\taba-promo-v2\scripts\build-report.mjs,16127,handoff/notebook-20261003-external-catalog-frontend,docs/handoff/notebook-20261003/external/catalog-frontend/1563-build-report.mjs,d48efc36a402c9d50fabad07836ddc92ba39ab09,preserve,
D:\1212\taba-promo-v2\scripts\build-short.mjs,6094,handoff/notebook-20261003-external-catalog-frontend,docs/handoff/notebook-20261003/external/catalog-frontend/1564-build-short.mjs,ad58fda77e7db6e0d0e2e87f81fd79e5d0cdc943,preserve,
D:\1212\taba-promo-v2\scripts\gen-overlays.mjs,8826,handoff/notebook-20261003-external-commercial-media,docs/handoff/notebook-20261003/external/commercial-media/1565-gen-overlays.mjs,a9114fe5a9c34c2c5428d5c32c7d5c6f07320101,preserve,
D:\1212\taba-promo-v2\scripts\grab-frames.mjs,1243,handoff/notebook-20261003-external-commercial-media,docs/handoff/notebook-20261003/external/commercial-media/1566-grab-frames.mjs,33bba59ddccf472a4f0d81ba9ae1f6c9de6607ea,preserve,
D:\1212\taba-promo-v2\scripts\grab-one.mjs,760,handoff/notebook-20261003-external-commercial-media,docs/handoff/notebook-20261003/external/commercial-media/1567-grab-one.mjs,95456adf227692fe52f21f9e4a6c748abb393c38,preserve,
D:\1212\taba-promo-v2\scripts\grab-strip.mjs,1672,handoff/notebook-20261003-external-commercial-media,docs/handoff/notebook-20261003/external/commercial-media/1568-grab-strip.mjs,12e9e40ba749bb7644031e99c34a9dac00ba84eb,preserve,
D:\1212\taba-promo-v2\scripts\probe-img.mjs,1545,handoff/notebook-20261003-external-commercial-media,docs/handoff/notebook-20261003/external/commercial-media/1569-probe-img.mjs,39da8dd4a707b4863e44604e07a8f694d352b88b,preserve,
D:\1212\taba-promo-v2\scripts\probe.mjs,7470,handoff/notebook-20261003-external-commercial-media,docs/handoff/notebook-20261003/external/commercial-media/1570-probe.mjs,978543ed6113f10905f2b95f13d2477f8512485f,preserve,
D:\1212\taba-promo-v2\scripts\record-s1.mjs,10162,handoff/notebook-20261003-external-commercial-media,docs/handoff/notebook-20261003/external/commercial-media/1571-record-s1.mjs,7886c2cdcbee79e0ecb9cc91058a2de224ea65e1,preserve,
D:\1212\taba-promo-v2\scripts\record-takes.mjs,18518,handoff/notebook-20261003-external-commercial-media,docs/handoff/notebook-20261003/external/commercial-media/1572-record-takes.mjs,5b26bc27690324f590cc5366459e474621f280ad,preserve,
D:\1212\taba-promo-v2\scripts\test-screencast.mjs,1679,handoff/notebook-20261003-external-commercial-media,docs/handoff/notebook-20261003/external/commercial-media/1573-test-screencast.mjs,768dc71693c7c53a4555aa38dffffd42b7d569fe,preserve,
D:\1212\taba-promo-v2\scripts\test-shotrate.mjs,1632,handoff/notebook-20261003-external-commercial-media,docs/handoff/notebook-20261003/external/commercial-media/1574-test-shotrate.mjs,f6f9bd54daaacb6bae8b0e270836a6630e21606f,preserve,
D:\1212\taba-promo-v2\scripts\test-slate.mjs,1909,handoff/notebook-20261003-external-commercial-media,docs/handoff/notebook-20261003/external/commercial-media/1575-test-slate.mjs,17dee750cd2708a2945785a0cb8718821967e56c,preserve,
D:\1212\taba-promo-v2\scripts\verify-mechanics.mjs,11567,handoff/notebook-20261003-external-commercial-media,docs/handoff/notebook-20261003/external/commercial-media/1576-verify-mechanics.mjs,efc6c11137830ec2f884adf437683009bac2970d,preserve,
D:\1212\taba2-gate-20260804\capture-moto.ps1,1579,handoff/notebook-20261003-external-backend-qa,docs/handoff/notebook-20261003/external/backend-qa/1616-capture-moto.ps1,25e5253e0dfabd20cfbcf92c5ada68f83791d8c6,preserve,
D:\1212\taba2-gate-20260804\CLASIFICACION-FALLOS.md,3620,handoff/notebook-20261003-external-backend-qa,docs/handoff/notebook-20261003/external/backend-qa/1617-CLASIFICACION-FALLOS.md,b87b4368e31a95f4e09c9dfdec17ed2cc5a590b0,preserve,
D:\1212\taba2-gate-20260804\run-baseline-firefox.ps1,1272,handoff/notebook-20261003-external-backend-qa,docs/handoff/notebook-20261003/external/backend-qa/1618-run-baseline-firefox.ps1,16179d377fd79078c4f0533557ac848e3f148176,preserve,
D:\1212\taba2-gate-20260804\run-e2e.ps1,1002,handoff/notebook-20261003-external-backend-qa,docs/handoff/notebook-20261003/external/backend-qa/1619-run-e2e.ps1,0adaf58c1586fc80b124476e50b781afa2570c65,preserve,
D:\1212\taba2-gate-20260804\e2e\baseline-rc-out\customer-delivery-borrar-l-fc9da-ionada-no-rompe-el-checkout-firefox\error-context.md,11614,handoff/notebook-20261003-external-rider,docs/handoff/notebook-20261003/external/rider/1620-error-context.md,8db2aa3e54c50799704b8ad865fc52dda6b692fb,preserve,
D:\1212\taba2-gate-20260804\e2e\baseline-rc-out\customer-delivery-checkout-41381-agregar-dirección-en-Perfil-firefox\error-context.md,13735,handoff/notebook-20261003-external-rider,docs/handoff/notebook-20261003/external/rider/1621-error-context.md,d93b93bfbc92de4b002bf73db0c8295ab340feb0,preserve,
D:\1212\taba2-gate-20260804\e2e\baseline-rc-out\customer-delivery-checkout-89fbc-dido-conservando-selecciÃ³n-firefox\error-context.md,14608,handoff/notebook-20261003-external-rider,docs/handoff/notebook-20261003/external/rider/1622-error-context.md,521db41cc2d4ea9377562454ea5958dc2a7ff0b7,preserve,
D:\1212\taba2-gate-20260804\e2e\baseline-rc-out\customer-delivery-checkout-e1174-lver-desde-completar-Perfil-firefox\error-context.md,13841,handoff/notebook-20261003-external-rider,docs/handoff/notebook-20261003/external/rider/1623-error-context.md,932ffab9ef4f2e745e3b08c8cae2e1a09978b0b6,preserve,
D:\1212\taba2-gate-20260804\e2e\baseline-webkit-out\business-windows-operation-8b98c--y-nota-de-crÃ©dito-fixture-webkit\error-context.md,23576,handoff/notebook-20261003-external-business-fiscal,docs/handoff/notebook-20261003/external/business-fiscal/1624-error-context.md,c17d40d9a1ef950473ec99dffb6c600f4eb169b3,preserve_redacted,344
D:\1212\taba2-gate-20260804\e2e\baseline-webkit-out\delivery-proof-Delivery-pr-5c25c-o-ve-comprobante-local-demo-webkit\error-context.md,10578,handoff/notebook-20261003-external-rider,docs/handoff/notebook-20261003/external/rider/1625-error-context.md,a9eb7bd87104090166aa1f88eb5c04b5f95804e8,preserve,
D:\1212\taba2-gate-20260804\e2e\f22-3\beverage-storefront-contro-79d95-usel-sincroniza-indicadores-webkit\error-context.md,39373,handoff/notebook-20261003-external-backend-qa,docs/handoff/notebook-20261003/external/backend-qa/1626-error-context.md,5834292cb0c4738659d8f392e01debea2b250966,preserve,
D:\1212\taba2-gate-20260804\e2e\firefox-out\customer-delivery-checkout-41381-agregar-dirección-en-Perfil-firefox\error-context.md,13739,handoff/notebook-20261003-external-rider,docs/handoff/notebook-20261003/external/rider/1627-error-context.md,9e9cbbc0098335fba4a142d916a158bb773edbe8,preserve,
D:\1212\taba2-gate-20260804\e2e\firefox-out\customer-delivery-checkout-60c2b--para-seleccionar-la-cuarta-firefox\error-context.md,12485,handoff/notebook-20261003-external-rider,docs/handoff/notebook-20261003/external/rider/1628-error-context.md,c6bf8eeda6d61da74e886ca876ba4695ce2a5198,preserve,
D:\1212\taba2-gate-20260804\e2e\firefox-out\customer-delivery-checkout-89fbc-dido-conservando-selecciÃ³n-firefox\error-context.md,14612,handoff/notebook-20261003-external-rider,docs/handoff/notebook-20261003/external/rider/1629-error-context.md,4aab641067f6cfc68e0fa6b53151cec73e059125,preserve,
D:\1212\taba2-gate-20260804\e2e\firefox-out\customer-delivery-checkout-e1174-lver-desde-completar-Perfil-firefox\error-context.md,13845,handoff/notebook-20261003-external-rider,docs/handoff/notebook-20261003/external/rider/1630-error-context.md,74ea400ee3263662fa01deef0683950dc7a1cbf7,preserve,
D:\1212\taba2-gate-20260804\e2e\firefox-out\honesty-mode-Moto-g15-no-h-8d3e6--principales-alcanzan-44-px-firefox\error-context.md,7399,handoff/notebook-20261003-external-backend-qa,docs/handoff/notebook-20261003/external/backend-qa/1631-error-context.md,2bab0610a579b5f9c1ff73d8e2ed186ea35d97fe,preserve,
D:\1212\taba2-gate-20260804\e2e\firefox-out\mobile-touch-gesture-boton-d9b0a-n-touch-action-manipulation-firefox\error-context.md,5715,handoff/notebook-20261003-external-backend-qa,docs/handoff/notebook-20261003/external/backend-qa/1632-error-context.md,beaf52fe232e6f1fd7d13d83b3f1c5f4ba71cfa7,preserve,
D:\1212\taba2-gate-20260804\e2e\firefox-out\mobile-touch-gesture-formu-c5b9e--a-16px-efectivos-en-mobile-firefox\error-context.md,5708,handoff/notebook-20261003-external-backend-qa,docs/handoff/notebook-20261003/external/backend-qa/1633-error-context.md,e5477637735d33024ea45b1cde8bc4ae45a2af47,preserve,
D:\1212\taba2-gate-20260804\e2e\fix-webkit\beverage-storefront-contro-79d95-usel-sincroniza-indicadores-webkit\error-context.md,39373,handoff/notebook-20261003-external-backend-qa,docs/handoff/notebook-20261003/external/backend-qa/1634-error-context.md,5834292cb0c4738659d8f392e01debea2b250966,preserve,
D:\1212\taba2-gate-20260804\e2e\nopack-2\beverage-storefront-contro-79d95-usel-sincroniza-indicadores-webkit\error-context.md,39235,handoff/notebook-20261003-external-backend-qa,docs/handoff/notebook-20261003/external/backend-qa/1635-error-context.md,0dc2b1e6b6852684bc8bdc09a99927077454adda,preserve,
D:\1212\taba2-gate-20260804\e2e\nopack-4\beverage-storefront-contro-79d95-usel-sincroniza-indicadores-webkit\error-context.md,39235,handoff/notebook-20261003-external-backend-qa,docs/handoff/notebook-20261003/external/backend-qa/1636-error-context.md,0dc2b1e6b6852684bc8bdc09a99927077454adda,preserve,
D:\1212\taba2-gate-20260804\e2e\nopack-5\beverage-storefront-contro-79d95-usel-sincroniza-indicadores-webkit\error-context.md,39235,handoff/notebook-20261003-external-backend-qa,docs/handoff/notebook-20261003/external/backend-qa/1637-error-context.md,0dc2b1e6b6852684bc8bdc09a99927077454adda,preserve,
D:\1212\taba2-gate-20260804\e2e\p22-webkit\beverage-storefront-contro-79d95-usel-sincroniza-indicadores-webkit\error-context.md,39373,handoff/notebook-20261003-external-backend-qa,docs/handoff/notebook-20261003/external/backend-qa/1638-error-context.md,5834292cb0c4738659d8f392e01debea2b250966,preserve,
D:\1212\taba2-gate-20260804\e2e\race-3\beverage-storefront-contro-79d95-usel-sincroniza-indicadores-webkit\error-context.md,39373,handoff/notebook-20261003-external-backend-qa,docs/handoff/notebook-20261003/external/backend-qa/1639-error-context.md,5834292cb0c4738659d8f392e01debea2b250966,preserve,
D:\1212\taba2-gate-20260804\e2e\rep-16\beverage-storefront-contro-79d95-usel-sincroniza-indicadores-webkit\error-context.md,39373,handoff/notebook-20261003-external-backend-qa,docs/handoff/notebook-20261003/external/backend-qa/1640-error-context.md,5834292cb0c4738659d8f392e01debea2b250966,preserve,
D:\1212\taba2-gate-20260804\e2e\rep-17\beverage-storefront-contro-79d95-usel-sincroniza-indicadores-webkit\error-context.md,39373,handoff/notebook-20261003-external-backend-qa,docs/handoff/notebook-20261003/external/backend-qa/1641-error-context.md,5834292cb0c4738659d8f392e01debea2b250966,preserve,
D:\1212\taba2-gate-20260804\e2e\rep-20\beverage-storefront-contro-79d95-usel-sincroniza-indicadores-webkit\error-context.md,39373,handoff/notebook-20261003-external-backend-qa,docs/handoff/notebook-20261003/external/backend-qa/1642-error-context.md,5834292cb0c4738659d8f392e01debea2b250966,preserve,
D:\1212\taba2-gate-20260804\e2e\rep-5\beverage-storefront-contro-79d95-usel-sincroniza-indicadores-webkit\error-context.md,39373,handoff/notebook-20261003-external-backend-qa,docs/handoff/notebook-20261003/external/backend-qa/1643-error-context.md,5834292cb0c4738659d8f392e01debea2b250966,preserve,
D:\1212\taba2-gate-20260804\e2e\rep-8\beverage-storefront-contro-79d95-usel-sincroniza-indicadores-webkit\error-context.md,39373,handoff/notebook-20261003-external-backend-qa,docs/handoff/notebook-20261003/external/backend-qa/1644-error-context.md,5834292cb0c4738659d8f392e01debea2b250966,preserve,
D:\1212\taba2-gate-20260804\e2e\rep-9\beverage-storefront-contro-79d95-usel-sincroniza-indicadores-webkit\error-context.md,39405,handoff/notebook-20261003-external-backend-qa,docs/handoff/notebook-20261003/external/backend-qa/1645-error-context.md,17ae1634c29c2029772f474a05cdd5f06634bef2,preserve,
D:\1212\taba2-gate-20260804\e2e\repeat347-2\customer-delivery-checkout-60c2b--para-seleccionar-la-cuarta-firefox\error-context.md,12485,handoff/notebook-20261003-external-rider,docs/handoff/notebook-20261003/external/rider/1646-error-context.md,c6bf8eeda6d61da74e886ca876ba4695ce2a5198,preserve,
D:\1212\taba2-gate-20260804\e2e\webkit-out\business-windows-operation-8b98c--y-nota-de-crÃ©dito-fixture-webkit\error-context.md,23580,handoff/notebook-20261003-external-business-fiscal,docs/handoff/notebook-20261003/external/business-fiscal/1647-error-context.md,c5aecb61d7fb67bc966e41d11dbdbd9f0576d21f,preserve_redacted,344
D:\1212\taba2-gate-20260804\e2e\webkit-out\delivery-proof-Delivery-pr-5c25c-o-ve-comprobante-local-demo-webkit\error-context.md,10582,handoff/notebook-20261003-external-rider,docs/handoff/notebook-20261003/external/rider/1648-error-context.md,8317035b7fcd6a90f7fc9e17c9cd888d149eceae,preserve,
D:\1212\taba2-gate-20260804\final\firefox-out\customer-delivery-borrar-l-fc9da-ionada-no-rompe-el-checkout-firefox\error-context.md,12164,handoff/notebook-20261003-external-rider,docs/handoff/notebook-20261003/external/rider/1649-error-context.md,536fce0fdb07b770724387b80897a4b31c8a59bf,preserve,
D:\1212\taba2-gate-20260804\final\firefox-out\customer-delivery-checkout-41381-agregar-dirección-en-Perfil-firefox\error-context.md,13739,handoff/notebook-20261003-external-rider,docs/handoff/notebook-20261003/external/rider/1650-error-context.md,9e9cbbc0098335fba4a142d916a158bb773edbe8,preserve,
D:\1212\taba2-gate-20260804\final\firefox-out\customer-delivery-checkout-e1174-lver-desde-completar-Perfil-firefox\error-context.md,13847,handoff/notebook-20261003-external-rider,docs/handoff/notebook-20261003/external/rider/1651-error-context.md,03b32580edb1ba1cfdba14ebc18d6fa582c8439b,preserve,
D:\1212\taba2-gate-20260804\final\firefox-out\honesty-mode-Moto-g15-no-h-8d3e6--principales-alcanzan-44-px-firefox\error-context.md,7399,handoff/notebook-20261003-external-backend-qa,docs/handoff/notebook-20261003/external/backend-qa/1652-error-context.md,2bab0610a579b5f9c1ff73d8e2ed186ea35d97fe,preserve,
D:\1212\taba2-gate-20260804\final\firefox-out\mobile-touch-gesture-boton-d9b0a-n-touch-action-manipulation-firefox\error-context.md,5715,handoff/notebook-20261003-external-backend-qa,docs/handoff/notebook-20261003/external/backend-qa/1653-error-context.md,beaf52fe232e6f1fd7d13d83b3f1c5f4ba71cfa7,preserve,
D:\1212\taba2-gate-20260804\final\firefox-out\mobile-touch-gesture-formu-c5b9e--a-16px-efectivos-en-mobile-firefox\error-context.md,5708,handoff/notebook-20261003-external-backend-qa,docs/handoff/notebook-20261003/external/backend-qa/1654-error-context.md,e5477637735d33024ea45b1cde8bc4ae45a2af47,preserve,
D:\1212\taba2-gate-20260804\final\webkit-out\business-windows-operation-8b98c--y-nota-de-crÃ©dito-fixture-webkit\error-context.md,23580,handoff/notebook-20261003-external-business-fiscal,docs/handoff/notebook-20261003/external/business-fiscal/1655-error-context.md,21fc9ecb0debd0e5ffc4669cec3bca9419d007d9,preserve_redacted,344
D:\1212\taba2-gate-20260804\preserved\final-20260804-1515\firefox-out\customer-delivery-borrar-l-fc9da-ionada-no-rompe-el-checkout-firefox\error-context.md,12164,handoff/notebook-20261003-external-rider,docs/handoff/notebook-20261003/external/rider/1656-error-context.md,536fce0fdb07b770724387b80897a4b31c8a59bf,preserve,
D:\1212\taba2-gate-20260804\preserved\final-20260804-1515\firefox-out\customer-delivery-checkout-41381-agregar-dirección-en-Perfil-firefox\error-context.md,13739,handoff/notebook-20261003-external-rider,docs/handoff/notebook-20261003/external/rider/1657-error-context.md,9e9cbbc0098335fba4a142d916a158bb773edbe8,preserve,
D:\1212\taba2-gate-20260804\preserved\final-20260804-1515\firefox-out\customer-delivery-checkout-e1174-lver-desde-completar-Perfil-firefox\error-context.md,13847,handoff/notebook-20261003-external-rider,docs/handoff/notebook-20261003/external/rider/1658-error-context.md,03b32580edb1ba1cfdba14ebc18d6fa582c8439b,preserve,
D:\1212\taba2-gate-20260804\preserved\final-20260804-1515\firefox-out\honesty-mode-Moto-g15-no-h-8d3e6--principales-alcanzan-44-px-firefox\error-context.md,7399,handoff/notebook-20261003-external-backend-qa,docs/handoff/notebook-20261003/external/backend-qa/1659-error-context.md,2bab0610a579b5f9c1ff73d8e2ed186ea35d97fe,preserve,
D:\1212\taba2-gate-20260804\preserved\final-20260804-1515\firefox-out\mobile-touch-gesture-boton-d9b0a-n-touch-action-manipulation-firefox\error-context.md,5715,handoff/notebook-20261003-external-backend-qa,docs/handoff/notebook-20261003/external/backend-qa/1660-error-context.md,beaf52fe232e6f1fd7d13d83b3f1c5f4ba71cfa7,preserve,
D:\1212\taba2-gate-20260804\preserved\final-20260804-1515\firefox-out\mobile-touch-gesture-formu-c5b9e--a-16px-efectivos-en-mobile-firefox\error-context.md,5708,handoff/notebook-20261003-external-backend-qa,docs/handoff/notebook-20261003/external/backend-qa/1661-error-context.md,e5477637735d33024ea45b1cde8bc4ae45a2af47,preserve,
D:\1212\taba2-gate-20260804\preserved\final-20260804-1515\webkit-out\business-windows-operation-8b98c--y-nota-de-crÃ©dito-fixture-webkit\error-context.md,23580,handoff/notebook-20261003-external-business-fiscal,docs/handoff/notebook-20261003/external/business-fiscal/1662-error-context.md,21fc9ecb0debd0e5ffc4669cec3bca9419d007d9,preserve_redacted,344
D:\1212\taba2-gate-20260804\wk-recert\fiscal-head-out\business-windows-operation-8b98c--y-nota-de-crÃ©dito-fixture-webkit\error-context.md,23580,handoff/notebook-20261003-external-business-fiscal,docs/handoff/notebook-20261003/external/business-fiscal/1709-error-context.md,5cdc72a57e7bb42ac09b44b60ba96d9a8af4617b,preserve_redacted,344
D:\1212\taba2-gate-20260804\wk-recert\fiscal-rc-out\business-windows-operation-8b98c--y-nota-de-crÃ©dito-fixture-webkit\error-context.md,23576,handoff/notebook-20261003-external-business-fiscal,docs/handoff/notebook-20261003/external/business-fiscal/1710-error-context.md,448a5d0ebf86f91a6a95af1f23d370e9dbbe4d43,preserve_redacted,344
D:\1212\taba2-gate-20260804\wk-recert\shard2\out\delivery-proof-Delivery-pr-5c25c-o-ve-comprobante-local-demo-webkit\error-context.md,10582,handoff/notebook-20261003-external-rider,docs/handoff/notebook-20261003/external/rider/1711-error-context.md,8317035b7fcd6a90f7fc9e17c9cd888d149eceae,preserve,
D:\1212\taba2-gate-20260804\wk-recert\shard8\out\business-windows-operation-8b98c--y-nota-de-crÃ©dito-fixture-webkit\error-context.md,23580,handoff/notebook-20261003-external-business-fiscal,docs/handoff/notebook-20261003/external/business-fiscal/1712-error-context.md,bb51625b13ed7017314e71bb7ef5e0787cdfe5ed,preserve_redacted,344
D:\1212\taba2-p0-runtime-certification\generate-manifest.ps1,3593,handoff/notebook-20261003-external-qa-evidence,docs/handoff/notebook-20261003/external/qa-evidence/1713-generate-manifest.ps1,4e0cf0abed4105b9b3d97daf832466047b91dcc9,preserve,
D:\1212\taba2-p0-runtime-certification\webkit-preflight.ps1,2024,handoff/notebook-20261003-external-qa-evidence,docs/handoff/notebook-20261003/external/qa-evidence/1714-webkit-preflight.ps1,bd1008f8d17d786038d9862a24421bba2a5cdba5,preserve,
D:\1212\taba2-p0-runtime-certification\chromium\.playwright-artifacts-3\traces\resources\7e27dfc94a21ae609f5bc4d533db4f60fc989dd8.css,70024,handoff/notebook-20261003-external-qa-evidence,docs/handoff/notebook-20261003/external/qa-evidence/1715-7e27dfc94a21ae609f5bc4d533db4f60fc989dd8.css,6b4bfda742afff685002a0aad0c1fcaaa966296b,preserve,
D:\1212\taba2-p0-runtime-certification\firefox-moto\honesty-mode-Moto-g15-no-h-8d3e6--principales-alcanzan-44-px-firefox\error-context.md,7399,handoff/notebook-20261003-external-qa-evidence,docs/handoff/notebook-20261003/external/qa-evidence/1716-error-context.md,2bab0610a579b5f9c1ff73d8e2ed186ea35d97fe,preserve,
D:\1212\taba2-p0-runtime-certification\targeted-demo-realtime-2\demo-realtime-reliability--88e9c-n-por-UI-con-revisión-y-ACK-chromium\error-context.md,2637,handoff/notebook-20261003-external-catalog-frontend,docs/handoff/notebook-20261003/external/catalog-frontend/1717-error-context.md,d8737205540666064ff8db45b45070a309458429,preserve,
D:\1212\taba2-p0-runtime-certification\trace-inspect-demo-2\resources\7e27dfc94a21ae609f5bc4d533db4f60fc989dd8.css,70024,handoff/notebook-20261003-external-qa-evidence,docs/handoff/notebook-20261003/external/qa-evidence/1718-7e27dfc94a21ae609f5bc4d533db4f60fc989dd8.css,6b4bfda742afff685002a0aad0c1fcaaa966296b,preserve,
D:\1212\taba2-p0-runtime-certification\webkit-shard-2-3e48bb0\gate1-order-revision-con-c-3ec27--mayor-gana-en-el-navegador-webkit\error-context.md,6428,handoff/notebook-20261003-external-backend-qa,docs/handoff/notebook-20261003/external/backend-qa/1719-error-context.md,a0bf539def73cc94addf2049e36b8f83188654a2,preserve,
D:\1212\taba2-p0-runtime-certification\webkit-shard-2-3e48bb0\gate1-order-revision-los-p-a6ea8-iándose-por-marca-de-tiempo-webkit\error-context.md,6441,handoff/notebook-20261003-external-business-fiscal,docs/handoff/notebook-20261003/external/business-fiscal/1720-error-context.md,475422bc6ec1fa21a106cf3f96882c85f50a8cf2,preserve,
D:\1212\taba2-p0-runtime-certification\webkit-shard-2-3e48bb0\gate1-order-revision-un-ev-09c56-gue-con-timestamp-posterior-webkit\error-context.md,6445,handoff/notebook-20261003-external-backend-qa,docs/handoff/notebook-20261003/external/backend-qa/1721-error-context.md,4add9c5030081b59ef0116bd8c26855ff92d4b67,preserve,
D:\1212\taba2-p0-runtime-certification\webkit-shard-2-3e48bb0\gate1-order-revision-un-pe-ef857-una-copia-local-sin-versión-webkit\error-context.md,6440,handoff/notebook-20261003-external-backend-qa,docs/handoff/notebook-20261003/external/backend-qa/1722-error-context.md,f35a7029eddde2dbdc42e500fb64759b7a7979fd,preserve,
D:\1212\taba2-p0-runtime-certification\webkit-shard-2-3e48bb0\gate1-order-revision-una-c-beb04-el-estado-visible-retroceda-webkit\error-context.md,6434,handoff/notebook-20261003-external-backend-qa,docs/handoff/notebook-20261003/external/backend-qa/1723-error-context.md,4c28964412ffa4c9bdf9e6c9ab73d256ddd7bb1c,preserve,
D:\1212\taba2-p0-runtime-certification\webkit-shard-2-3e48bb0\gate1-order-revision-una-e-8be30-mensaje-no-altera-el-pedido-webkit\error-context.md,6422,handoff/notebook-20261003-external-backend-qa,docs/handoff/notebook-20261003/external/backend-qa/1724-error-context.md,76649f4387484bd92c4a9abed1094a2a281e3c24,preserve,
D:\1212\taba2-p0-runtime-certification\webkit-shard-2-3e48bb0\gate1-order-revision-una-r-1a4aa-válida-no-se-toma-por-buena-webkit\error-context.md,6408,handoff/notebook-20261003-external-backend-qa,docs/handoff/notebook-20261003/external/backend-qa/1725-error-context.md,f27175fe3181a8a9680c209819baa20c6ccbe56a,preserve,
D:\1212\taba2-p0-runtime-certification\webkit-shard-2-3e48bb0\honest-map-el-local-no-inv-7de6c-cción-todavía-no-verificada-webkit\error-context.md,6631,handoff/notebook-20261003-external-qa-evidence,docs/handoff/notebook-20261003/external/qa-evidence/1726-error-context.md,1c4f9aeb52ba10fdba423a49c3c3d4dfd7af504f,preserve,
D:\1212\taba2-p0-runtime-certification\webkit-shard-2-3e48bb0\honest-map-sin-GPS-real-el-979ba-mapa-ruta-ni-puntos-falsos--webkit\error-context.md,7296,handoff/notebook-20261003-external-qa-evidence,docs/handoff/notebook-20261003/external/qa-evidence/1727-error-context.md,085f3ab3d2e5e25e31dfaf03d2a169a9cd06efe5,preserve,
D:\1212\taba2-p0-runtime-certification\webkit-shard-2-3e48bb0\honesty-mode-cambiar-de-de-cba82-mplo-y-deja-medios-honestos-webkit\error-context.md,8191,handoff/notebook-20261003-external-qa-evidence,docs/handoff/notebook-20261003/external/qa-evidence/1728-error-context.md,854ace97030768d4b9eeb162fd1f8b5fd47d82e4,preserve,
D:\1212\taba2-p0-runtime-certification\webkit-shard-2-3e48bb0\honesty-mode-checkout-del--45841-l-y-mantiene-copy-comercial-webkit\error-context.md,11411,handoff/notebook-20261003-external-qa-evidence,docs/handoff/notebook-20261003/external/qa-evidence/1729-error-context.md,4e9fab012f3d187b7ef7f27e0f03d020a26aa398,preserve,
D:\1212\taba2-p0-runtime-certification\webkit-shard-2-3e48bb0\honesty-mode-estado-legacy-d5eb0-se-limpian-sin-reset-manual-webkit\error-context.md,9310,handoff/notebook-20261003-external-qa-evidence,docs/handoff/notebook-20261003/external/qa-evidence/1730-error-context.md,9d52376111c87badbd48f36a1c0dc4fd8d553c0a,preserve,
D:\1212\taba2-p0-runtime-certification\webkit-shard-2-3e48bb0\honesty-mode-modo-público--4c74d--incluso-con-hash-operativo-webkit\error-context.md,6425,handoff/notebook-20261003-external-qa-evidence,docs/handoff/notebook-20261003/external/qa-evidence/1731-error-context.md,cb0c88cd44865cf55a544a637037648dae49a647,preserve,
D:\1212\taba2-p0-runtime-certification\webkit-shard-2-3e48bb0\honesty-mode-Moto-g15-no-h-8d3e6--principales-alcanzan-44-px-webkit\error-context.md,7437,handoff/notebook-20261003-external-qa-evidence,docs/handoff/notebook-20261003/external/qa-evidence/1732-error-context.md,2ff97e9c5b87ccf762e244eecd575fff8958d619,preserve,
D:\1212\taba2-p0-runtime-certification\webkit-shard-2-3e48bb0\honesty-mode-preview-priva-3c418-a-de-la-experiencia-cliente-webkit\error-context.md,7649,handoff/notebook-20261003-external-qa-evidence,docs/handoff/notebook-20261003/external/qa-evidence/1733-error-context.md,6cfca21b38e233d741ad5f15f9dd358e67406a47,preserve,
D:\1212\taba2-p0-runtime-certification\webkit-shard-2-3e48bb0\honesty-mode-runtime-compl-26430-ón-sin-catálogo-demo-ni-PIN-webkit\error-context.md,10280,handoff/notebook-20261003-external-qa-evidence,docs/handoff/notebook-20261003/external/qa-evidence/1734-error-context.md,fa9853cf1e67a8f4c0e597e2f8addc8feeb25a55,preserve,
D:\1212\taba2-p0-runtime-certification\webkit-shard-2-3e48bb0\honesty-mode-runtime-produ-807b5-ado-y-no-cae-a-preview-demo-webkit\error-context.md,11349,handoff/notebook-20261003-external-qa-evidence,docs/handoff/notebook-20261003/external/qa-evidence/1735-error-context.md,04b4a03d3edcc4bb208efc11b1ed394d8f3c4760,preserve,
D:\1212\taba2-p0-runtime-certification\webkit-shard-2-3e48bb0\ios-autozoom-safety-iOS-Sa-4231c-rden-y-detalle-del-producto-webkit\error-context.md,7362,handoff/notebook-20261003-external-qa-evidence,docs/handoff/notebook-20261003/external/qa-evidence/1736-error-context.md,b66ee133ae33f9d1d4594f7b09d27f36fbc8112c,preserve,
D:\1212\taba2-p0-runtime-certification\webkit-shard-2-3e48bb0\ios-autozoom-safety-iOS-Sa-676c9-go-editable-y-configuración-webkit\error-context.md,7363,handoff/notebook-20261003-external-qa-evidence,docs/handoff/notebook-20261003/external/qa-evidence/1737-error-context.md,81eb83b642356ec527e4b9d056dce4e2e4fdb8a0,preserve,
D:\1212\taba2-p0-runtime-certification\webkit-shard-2-3e48bb0\ios-autozoom-safety-iOS-Sa-b2d18--equipo-PIN-negocio-y-rider-webkit\error-context.md,7353,handoff/notebook-20261003-external-rider,docs/handoff/notebook-20261003/external/rider/1738-error-context.md,e7e9901438017b468c0158e21c8eab0cf43efb40,preserve,
D:\1212\taba2-p0-runtime-certification\webkit-shard-2-3e48bb0\ios-autozoom-safety-iOS-Sa-c3bd8-ra-autozoom-Home-y-búsqueda-webkit\error-context.md,7320,handoff/notebook-20261003-external-catalog-frontend,docs/handoff/notebook-20261003/external/catalog-frontend/1739-error-context.md,9cbc347069a76c024cad74aab9f511ceec9ece13,preserve,
D:\1212\taba2-p0-runtime-certification\webkit-shard-2-3e48bb0\ios-autozoom-safety-iOS-Sa-ca4ee-indicaciones-y-confirmación-webkit\error-context.md,7356,handoff/notebook-20261003-external-qa-evidence,docs/handoff/notebook-20261003/external/qa-evidence/1740-error-context.md,1c8176866c3f60a6aee36b11a15d9f9ac5892826,preserve,
D:\1212\taba2-p0-runtime-certification\webkit-shard-2-3e48bb0\ios-autozoom-safety-iOS-Sa-d54e3-sonales-y-agregar-dirección-webkit\error-context.md,7364,handoff/notebook-20261003-external-qa-evidence,docs/handoff/notebook-20261003/external/qa-evidence/1741-error-context.md,ccc9f9a5219a93b63b43241a7310d660270272d5,preserve,
D:\1212\taba2-p0-runtime-certification\webkit-shard-2-3e48bb0\ios-blank-screen-a-failed--d5fe7-ell-instead-of-a-blank-main-webkit\error-context.md,5300,handoff/notebook-20261003-external-qa-evidence,docs/handoff/notebook-20261003/external/qa-evidence/1742-error-context.md,6dfb1f2bb1da383714309498a0c7d1677f4ef6b6,preserve,
D:\1212\taba2-p0-runtime-certification\webkit-shard-2-3e48bb0\ios-blank-screen-a-rejecte-36021-ithout-blocking-first-paint-webkit\error-context.md,5302,handoff/notebook-20261003-external-qa-evidence,docs/handoff/notebook-20261003/external/qa-evidence/1743-error-context.md,8a9641c689fabe68ce50cb9c3b41f2f181026032,preserve,
D:\1212\taba2-p0-runtime-certification\webkit-shard-2-3e48bb0\ios-blank-screen-an-old-or-fb102-out-losing-the-first-render-webkit\error-context.md,5288,handoff/notebook-20261003-external-qa-evidence,docs/handoff/notebook-20261003/external/qa-evidence/1744-error-context.md,c544a64e331d3b65016cd7315a9bba6f15756f80,preserve,
D:\1212\taba2-p0-runtime-certification\webkit-shard-2-3e48bb0\ios-blank-screen-clean-san-8701e-es-recovery-after-bootstrap-webkit\error-context.md,5289,handoff/notebook-20261003-external-qa-evidence,docs/handoff/notebook-20261003/external/qa-evidence/1745-error-context.md,628239528e4b86371b9198cf9cd167e45f9761ab,preserve,
D:\1212\taba2-p0-runtime-certification\webkit-shard-2-3e48bb0\ios-blank-screen-productio-49f5a-ects-the-sandbox-repository-webkit\error-context.md,5290,handoff/notebook-20261003-external-qa-evidence,docs/handoff/notebook-20261003/external/qa-evidence/1746-error-context.md,6d442754e8da3924f417ec3dbf25b2a31e5e88ef,preserve,
D:\1212\taba2-p0-runtime-certification\webkit-shard-2-3e48bb0\ios-blank-screen-reset-que-d97ef-es-itself-and-does-not-loop-webkit\error-context.md,7303,handoff/notebook-20261003-external-qa-evidence,docs/handoff/notebook-20261003/external/qa-evidence/1747-error-context.md,bd869f849985ff6bf636e7cf3c132a0dae6025c0,preserve,
D:\1212\taba2-p0-runtime-certification\webkit-shard-2-3e48bb0\ios-phantom-scroll-Scroll--0d1e1-n-pedido-y-pedido-en-camino-webkit\error-context.md,7324,handoff/notebook-20261003-external-qa-evidence,docs/handoff/notebook-20261003/external/qa-evidence/1748-error-context.md,3121d56955e15120d8e41ad7a7915b6ec726d12d,preserve,
D:\1212\taba2-p0-runtime-certification\webkit-shard-2-3e48bb0\ios-phantom-scroll-Scroll--13d48-nido-largo-y-filtrado-corto-webkit\error-context.md,7324,handoff/notebook-20261003-external-qa-evidence,docs/handoff/notebook-20261003/external/qa-evidence/1749-error-context.md,e60bc98636e29280c7870fe8624d2849e4bca883,preserve,
D:\1212\taba2-p0-runtime-certification\webkit-shard-2-3e48bb0\ios-phantom-scroll-Scroll--56ccc-rrito-vacío-y-con-productos-webkit\error-context.md,7308,handoff/notebook-20261003-external-qa-evidence,docs/handoff/notebook-20261003/external/qa-evidence/1750-error-context.md,2b67208ee3590fa5c3137b9fc1d4570c49e05ed3,preserve,
D:\1212\taba2-p0-runtime-certification\webkit-shard-2-3e48bb0\ios-phantom-scroll-Scroll--72d43-n-pedido-y-pedido-en-camino-webkit\error-context.md,7324,handoff/notebook-20261003-external-qa-evidence,docs/handoff/notebook-20261003/external/qa-evidence/1751-error-context.md,bf815122701dc891903ecd1c0221f9b458a903a0,preserve,
D:\1212\taba2-p0-runtime-certification\webkit-shard-2-3e48bb0\ios-phantom-scroll-Scroll--7b8bc-io-cola-vacía-y-con-pedidos-webkit\error-context.md,7316,handoff/notebook-20261003-external-qa-evidence,docs/handoff/notebook-20261003/external/qa-evidence/1752-error-context.md,f576c36cf6e1214a3fbc135f84e990822ecdf0b2,preserve,
D:\1212\taba2-p0-runtime-certification\webkit-shard-2-3e48bb0\ios-phantom-scroll-Scroll--b19be-eckout-con-teclado-simulado-webkit\error-context.md,7310,handoff/notebook-20261003-external-qa-evidence,docs/handoff/notebook-20261003/external/qa-evidence/1753-error-context.md,3bb2639e2739c63775b987265289be4f999c51bd,preserve,
D:\1212\taba2-p0-runtime-certification\webkit-shard-2-3e48bb0\ios-phantom-scroll-Scroll--b969e-eckout-con-teclado-simulado-webkit\error-context.md,7310,handoff/notebook-20261003-external-qa-evidence,docs/handoff/notebook-20261003/external/qa-evidence/1754-error-context.md,90972ca7b1bf5427a926384da229fb1d2d395116,preserve,
D:\1212\taba2-p0-runtime-certification\webkit-shard-2-3e48bb0\ios-phantom-scroll-Scroll--bdf8b-io-cola-vacía-y-con-pedidos-webkit\error-context.md,7316,handoff/notebook-20261003-external-qa-evidence,docs/handoff/notebook-20261003/external/qa-evidence/1755-error-context.md,7b82da0db2ed119f35dc8e6c77bf19ad73e985b6,preserve,
D:\1212\taba2-p0-runtime-certification\webkit-shard-2-3e48bb0\ios-phantom-scroll-Scroll--da9de-nido-largo-y-filtrado-corto-webkit\error-context.md,7324,handoff/notebook-20261003-external-qa-evidence,docs/handoff/notebook-20261003/external/qa-evidence/1756-error-context.md,2b5f1538a3446ca2e4a50f736b9e132ce86724f3,preserve,
D:\1212\taba2-p0-runtime-certification\webkit-shard-2-3e48bb0\ios-phantom-scroll-Scroll--eb656-rrito-vacío-y-con-productos-webkit\error-context.md,7308,handoff/notebook-20261003-external-qa-evidence,docs/handoff/notebook-20261003/external/qa-evidence/1757-error-context.md,4efc0ba3eee000ad1ade5cac455fa071aaaef1d3,preserve,
D:\1212\taba2-p0-runtime-certification\webkit-shard-2-3e48bb0\ios-phantom-scroll-Scroll-fantasma-·-320x568-Home-webkit\error-context.md,7277,handoff/notebook-20261003-external-catalog-frontend,docs/handoff/notebook-20261003/external/catalog-frontend/1758-error-context.md,ecffa667522f275a04c3c6b44dcab3384fd3e532,preserve,
D:\1212\taba2-p0-runtime-certification\webkit-shard-2-3e48bb0\ios-phantom-scroll-Scroll-fantasma-·-320x568-Perfil-webkit\error-context.md,7287,handoff/notebook-20261003-external-qa-evidence,docs/handoff/notebook-20261003/external/qa-evidence/1759-error-context.md,6997197a210610163e4f9cb6a3387c3ec4b8985b,preserve,
D:\1212\taba2-p0-runtime-certification\webkit-shard-2-3e48bb0\ios-phantom-scroll-Scroll-fantasma-·-320x568-Rider-webkit\error-context.md,7284,handoff/notebook-20261003-external-rider,docs/handoff/notebook-20261003/external/rider/1760-error-context.md,dcb35b96788b46aa81497ed46655d0bb44cf8c0d,preserve,
D:\1212\taba2-p0-runtime-certification\webkit-shard-2-3e48bb0\ios-phantom-scroll-Scroll-fantasma-·-390x844-Home-webkit\error-context.md,7277,handoff/notebook-20261003-external-catalog-frontend,docs/handoff/notebook-20261003/external/catalog-frontend/1761-error-context.md,599631fda42aef2d5288a73807e9ee87a1914ba3,preserve,
D:\1212\taba2-p0-runtime-certification\webkit-shard-2-3e48bb0\ios-phantom-scroll-Scroll-fantasma-·-390x844-Perfil-webkit\error-context.md,7287,handoff/notebook-20261003-external-qa-evidence,docs/handoff/notebook-20261003/external/qa-evidence/1762-error-context.md,0927bad807d2e9d8a9af9e8f8edf1d47e2ef7a3e,preserve,
D:\1212\taba2-p0-runtime-certification\webkit-shard-2-3e48bb0\ios-phantom-scroll-Scroll-fantasma-·-390x844-Rider-webkit\error-context.md,7284,handoff/notebook-20261003-external-rider,docs/handoff/notebook-20261003/external/rider/1763-error-context.md,f12d5de1cadbf8d63bb91e96cf0073b48492a638,preserve,
D:\1212\la-taba2-commercial-storefront\artifacts\taba2-commercial-audit\audit-chromium.md,2981,handoff/notebook-20261003-external-catalog-frontend,docs/handoff/notebook-20261003/external/catalog-frontend/1931-audit-chromium.md,b56608561c5e1f2e050434087b74e2d9df587d5f,preserve,
D:\1212\la-taba2-commercial-storefront\artifacts\taba2-commercial-audit\audit-webkit.md,2981,handoff/notebook-20261003-external-catalog-frontend,docs/handoff/notebook-20261003/external/catalog-frontend/1932-audit-webkit.md,b56608561c5e1f2e050434087b74e2d9df587d5f,preserve,
D:\1212\la-taba2-commercial-stories\artifacts\taba2-commercial-audit\audit-chromium.md,3469,handoff/notebook-20261003-external-commercial-media,docs/handoff/notebook-20261003/external/commercial-media/1933-audit-chromium.md,2d80308e8f4bae67a0888212b7c422f1039fd604,preserve,
D:\1212\la-taba2-commercial-stories\artifacts\taba2-commercial-audit\audit-webkit.md,3469,handoff/notebook-20261003-external-commercial-media,docs/handoff/notebook-20261003/external/commercial-media/1934-audit-webkit.md,2d80308e8f4bae67a0888212b7c422f1039fd604,preserve,
D:\1212\la-taba2-fable-visual-polish\artifacts\taba2-commercial-audit\audit-chromium.md,2981,handoff/notebook-20261003-external-commercial-media,docs/handoff/notebook-20261003/external/commercial-media/1935-audit-chromium.md,b56608561c5e1f2e050434087b74e2d9df587d5f,preserve,
D:\1212\la-taba2-fable-visual-polish\artifacts\taba2-commercial-audit\audit-webkit.md,2981,handoff/notebook-20261003-external-commercial-media,docs/handoff/notebook-20261003/external/commercial-media/1936-audit-webkit.md,b56608561c5e1f2e050434087b74e2d9df587d5f,preserve,
D:\1212\la-taba2-fable-visual-polish\artifacts\taba2-commercial-audit\fable\baseline-shots.mjs,4273,handoff/notebook-20261003-external-commercial-media,docs/handoff/notebook-20261003/external/commercial-media/1937-baseline-shots.mjs,cc0f2b18eed73d2acc1dd7950856b9d11d5533c7,preserve,
D:\1212\la-taba2-gondola-retail-final\.local\tmp\esperar-huella.mjs,1811,handoff/notebook-20261003-external-catalog-frontend,docs/handoff/notebook-20261003/external/catalog-frontend/1938-esperar-huella.mjs,3dd717fb1f0a0a1de4bef4d58882b5a7779b3a3a,preserve,
D:\1212\la-taba2-gondola-retail-final\.local\tmp\mirar.mjs,418,handoff/notebook-20261003-external-catalog-frontend,docs/handoff/notebook-20261003/external/catalog-frontend/1939-mirar.mjs,29b4097b64605261dc53db398df09fdfe8bd1d2f,preserve,
D:\1212\la-taba2-gondola-retail-final\artifacts\production-sale-e2e\20260822-173256-2389d1d5\report.md,550,handoff/notebook-20261003-external-backend-qa,docs/handoff/notebook-20261003/external/backend-qa/1940-report.md,9b663378a463443d1470ec5cd51904e2e7cd1715,preserve,
D:\1212\la-taba2-gondola-retail-final\artifacts\production-sale-e2e\20260822-173508-87c14f85\report.md,377,handoff/notebook-20261003-external-backend-qa,docs/handoff/notebook-20261003/external/backend-qa/1941-report.md,ad73a60c927242c1c189381f81d06af49e8218f6,preserve,
D:\1212\la-taba2-gondola-retail-final\artifacts\production-sale-e2e\20260822-173654-69454cc7\report.md,550,handoff/notebook-20261003-external-backend-qa,docs/handoff/notebook-20261003/external/backend-qa/1942-report.md,b48a7914db1af837a78f64c28729d29ca3054baa,preserve,
D:\1212\la-taba2-gondola-retail-final\artifacts\production-sale-e2e\20260822-173833-587a4c62\report.md,1849,handoff/notebook-20261003-external-backend-qa,docs/handoff/notebook-20261003/external/backend-qa/1943-report.md,f08aac68f3118b14262df6d5801fb37f4e2d2f1a,preserve,
D:\1212\la-taba2-gondola-retail-final\artifacts\production-sale-e2e\20260822-174829-edd05006\report.md,1530,handoff/notebook-20261003-external-backend-qa,docs/handoff/notebook-20261003/external/backend-qa/1944-report.md,fa4a2b197a0ab0aacb5b903160665e0e1a3a88c2,preserve,
D:\1212\la-taba2-gondola-retail-final\artifacts\production-sale-e2e\20260822-175429-8e531555\report.md,1491,handoff/notebook-20261003-external-backend-qa,docs/handoff/notebook-20261003/external/backend-qa/1945-report.md,259a86265ae0cdf0d374ea154a8db73e26296fd4,preserve,
D:\1212\la-taba2-gondola-retail-final\artifacts\production-sale-e2e\20260822-180129-5f07bcf3\report.md,1491,handoff/notebook-20261003-external-backend-qa,docs/handoff/notebook-20261003/external/backend-qa/1946-report.md,acbdb71b853b12cb1d5cd77408c4f7679fc7d5ff,preserve,
D:\1212\la-taba2-gondola-retail-final\artifacts\production-sale-e2e\20260822-180530-20b5405e\report.md,1491,handoff/notebook-20261003-external-backend-qa,docs/handoff/notebook-20261003/external/backend-qa/1947-report.md,1f0bce6d85c1559f90c7eb82b67651bfaa3c4108,preserve,
D:\1212\la-taba2-gondola-retail-final\artifacts\production-sale-e2e\20260822-181225-5cdb3495\report.md,1491,handoff/notebook-20261003-external-backend-qa,docs/handoff/notebook-20261003/external/backend-qa/1948-report.md,860a0b2c954a60dd795f88d703898c4591d4ac15,preserve,
D:\1212\la-taba2-gondola-retail-final\artifacts\production-sale-e2e\20260822-181902-20b06a99\report.md,1491,handoff/notebook-20261003-external-backend-qa,docs/handoff/notebook-20261003/external/backend-qa/1949-report.md,e939d52103a0095b09afeef4ba1d5a784e378ce0,preserve,
D:\1212\la-taba2-gondola-retail-final\artifacts\production-sale-e2e\20260822-181954-c2064d28\report.md,1491,handoff/notebook-20261003-external-backend-qa,docs/handoff/notebook-20261003/external/backend-qa/1950-report.md,61e4b6db916b6690dcaae5e81b05e4242a269a55,preserve,
D:\1212\la-taba2-gondola-retail-final\artifacts\production-sale-e2e\20260822-183356-d130c398\report.md,1491,handoff/notebook-20261003-external-backend-qa,docs/handoff/notebook-20261003/external/backend-qa/1951-report.md,990771ef8369c790cdefcbcfcbc99b60e7cd48cd,preserve,
D:\1212\la-taba2-gondola-retail-final\artifacts\production-sale-e2e\20260822-183653-398e7566\report.md,1454,handoff/notebook-20261003-external-backend-qa,docs/handoff/notebook-20261003/external/backend-qa/1952-report.md,81638a37b7566bb45ed3109016bb838bbc3f6cdb,preserve,
D:\1212\la-taba2-gondola-retail-final\artifacts\production-sale-e2e\20260822-183745-01f59677\report.md,1454,handoff/notebook-20261003-external-backend-qa,docs/handoff/notebook-20261003/external/backend-qa/1953-report.md,80f8607225e390b16542102528c4667840ccf456,preserve,
D:\1212\la-taba2-gondola-retail-final\artifacts\production-sale-e2e\20260822-184503-e7ed3289\report.md,1454,handoff/notebook-20261003-external-backend-qa,docs/handoff/notebook-20261003/external/backend-qa/1954-report.md,40ac6f7ac6378221175308f3132128c48b248ecf,preserve,
D:\1212\la-taba2-gondola-retail-final\artifacts\production-sale-e2e\20260822-185200-12ef0062\report.md,698,handoff/notebook-20261003-external-backend-qa,docs/handoff/notebook-20261003/external/backend-qa/1955-report.md,1c9f40d351b9d2e2b2c0b85c56987f6c41b5bdb4,preserve,
D:\1212\la-taba2-gondola-retail-final\artifacts\production-sale-e2e\20260822-190014-d73b0104\report.md,1041,handoff/notebook-20261003-external-backend-qa,docs/handoff/notebook-20261003/external/backend-qa/1956-report.md,49de29155ffa13da89fcb9a31901e4cd78992c54,preserve,
D:\1212\la-taba2-gondola-retail-final\artifacts\production-sale-e2e\20260822-190838-07195df3\report.md,1347,handoff/notebook-20261003-external-backend-qa,docs/handoff/notebook-20261003/external/backend-qa/1957-report.md,86280783c3e994c2acf01bdfa6b38805b5ada86e,preserve,
D:\1212\la-taba2-gondola-retail-final\artifacts\production-sale-e2e\20260822-191256-52dd8ea6\report.md,1432,handoff/notebook-20261003-external-backend-qa,docs/handoff/notebook-20261003/external/backend-qa/1958-report.md,0204ea6bebcfe11c3ca19e8be946550758db1870,preserve,
D:\1212\la-taba2-gondola-retail-final\artifacts\production-sale-e2e\20260822-192940-1e578e93\report.md,1520,handoff/notebook-20261003-external-backend-qa,docs/handoff/notebook-20261003/external/backend-qa/1959-report.md,64abf66a7d8592149fc9ccc56c78e4dcea39e5e7,preserve,
D:\1212\la-taba2-gondola-retail-final\artifacts\production-sale-e2e\20260822-193522-b9881a46\report.md,1589,handoff/notebook-20261003-external-backend-qa,docs/handoff/notebook-20261003/external/backend-qa/1960-report.md,a82952890159501d64f5e0a3936bd9e210169d09,preserve,
D:\1212\la-taba2-gondola-retail-final\artifacts\production-sale-e2e\20260822-194124-8a478218\report.md,1589,handoff/notebook-20261003-external-backend-qa,docs/handoff/notebook-20261003/external/backend-qa/1961-report.md,a568681448a019e5b01c6edd0eea4dc0e85d2bd0,preserve,
D:\1212\la-taba2-gondola-retail-final\artifacts\production-sale-e2e\20260822-194827-1fcbee4c\report.md,786,handoff/notebook-20261003-external-backend-qa,docs/handoff/notebook-20261003/external/backend-qa/1962-report.md,48ada9eb4b0ce627c97e7544ea8833b36825276c,preserve,
D:\1212\la-taba2-gondola-retail-final\artifacts\production-sale-e2e\20260822-195044-a12bd668\report.md,1589,handoff/notebook-20261003-external-backend-qa,docs/handoff/notebook-20261003/external/backend-qa/1963-report.md,f7172e642bca14bcba0a51207428b62a77cc3113,preserve,
D:\1212\la-taba2-gondola-retail-final\artifacts\production-sale-e2e\20260822-200128-33bad4c7\report.md,1606,handoff/notebook-20261003-external-backend-qa,docs/handoff/notebook-20261003/external/backend-qa/1964-report.md,6f01d11bbefe053eba4a18d23d9d3cb1ad7cd468,preserve,
D:\1212\la-taba2-gondola-retail-final\artifacts\production-sale-e2e\20260822-200441-f0234837\report.md,1685,handoff/notebook-20261003-external-backend-qa,docs/handoff/notebook-20261003/external/backend-qa/1965-report.md,2ce0328bcf063e558da86afe44919dd961e9247a,preserve,
D:\1212\la-taba2-gondola-retail-final\artifacts\production-sale-e2e\20260822-200939-f83262c5\report.md,1734,handoff/notebook-20261003-external-backend-qa,docs/handoff/notebook-20261003/external/backend-qa/1966-report.md,34943d1dd98d390490e9199fd2054d5aa710fa70,preserve,
D:\1212\la-taba2-gondola-retail-final\artifacts\production-sale-e2e\20260822-211702-157e19af\report.md,1739,handoff/notebook-20261003-external-backend-qa,docs/handoff/notebook-20261003/external/backend-qa/1967-report.md,d7a01e38702450d953af3200fd2160c24c0ac6a0,preserve,
D:\1212\la-taba2-gondola-retail-final\artifacts\production-sale-e2e\20260822-212252-9a9c5b87\report.md,1738,handoff/notebook-20261003-external-backend-qa,docs/handoff/notebook-20261003/external/backend-qa/1968-report.md,e0c5cb9fac250fb6cecee5857e956adb49fe1882,preserve,
D:\1212\la-taba2-gondola-retail-final\artifacts\production-sale-e2e\20260822-214627-f0bf0f99\report.md,391,handoff/notebook-20261003-external-backend-qa,docs/handoff/notebook-20261003/external/backend-qa/1969-report.md,5df424ef4c307274458fb126e90a39c53fd228e9,preserve,
D:\1212\la-taba2-gondola-retail-final\artifacts\production-sale-e2e\20260822-214831-96cd6c99\report.md,1738,handoff/notebook-20261003-external-backend-qa,docs/handoff/notebook-20261003/external/backend-qa/1970-report.md,2b1085e95c273a6d2ea214b857f410093c13e6c6,preserve,
D:\1212\la-taba2-gondola-retail-final\artifacts\production-sale-e2e\20260822-215934-aff0d998\report.md,1738,handoff/notebook-20261003-external-backend-qa,docs/handoff/notebook-20261003/external/backend-qa/1971-report.md,e6fdbf836c7d1b8a45c0b372892d02b2375d0913,preserve,
D:\1212\la-taba2-gondola-retail-final\artifacts\production-sale-e2e\20260822-220452-8d02a965\report.md,1751,handoff/notebook-20261003-external-backend-qa,docs/handoff/notebook-20261003/external/backend-qa/1972-report.md,cf6563b5a5aa387358fac2c54cebadf8913258f8,preserve,
D:\1212\la-taba2-gondola-retail-final\artifacts\production-sale-e2e\20260823-000608-f67d20e9\report.md,1589,handoff/notebook-20261003-external-backend-qa,docs/handoff/notebook-20261003/external/backend-qa/1973-report.md,76554cbaddff8d67b1a4061c088e2fbe029e0a47,preserve,
D:\1212\la-taba2-pilot-integration\artifacts\taba2-commercial-audit\audit-chromium.md,2981,handoff/notebook-20261003-external-commercial-media,docs/handoff/notebook-20261003/external/commercial-media/1974-audit-chromium.md,b56608561c5e1f2e050434087b74e2d9df587d5f,preserve,
D:\1212\la-taba2-pilot-integration\artifacts\taba2-commercial-audit\audit-webkit.md,2981,handoff/notebook-20261003-external-commercial-media,docs/handoff/notebook-20261003/external/commercial-media/1975-audit-webkit.md,b56608561c5e1f2e050434087b74e2d9df587d5f,preserve,
D:\1212\la-taba2-pilot-rc\artifacts\taba2-commercial-audit\audit-chromium.md,2981,handoff/notebook-20261003-external-commercial-media,docs/handoff/notebook-20261003/external/commercial-media/1976-audit-chromium.md,b56608561c5e1f2e050434087b74e2d9df587d5f,preserve,
D:\1212\la-taba2-pilot-rc\artifacts\taba2-commercial-audit\audit-webkit.md,2981,handoff/notebook-20261003-external-commercial-media,docs/handoff/notebook-20261003/external/commercial-media/1977-audit-webkit.md,b56608561c5e1f2e050434087b74e2d9df587d5f,preserve,
D:\1212\la-taba2-weekend-launch\.local\qa\barrido-movil.mjs,7892,handoff/notebook-20261003-external-qa-evidence,docs/handoff/notebook-20261003/external/qa-evidence/1978-barrido-movil.mjs,7b36f3e8347fa4951fbbcbdb960b1719535eecd6,preserve,
D:\1212\la-taba2-weekend-launch\.local\qa\checkout-listo.mjs,2955,handoff/notebook-20261003-external-qa-evidence,docs/handoff/notebook-20261003/external/qa-evidence/1979-checkout-listo.mjs,df3a1902c5886648f0b0520019291e5fcd8fddb4,preserve,
D:\1212\la-taba2-weekend-launch\.local\qa\checkout-walk.mjs,4130,handoff/notebook-20261003-external-qa-evidence,docs/handoff/notebook-20261003/external/qa-evidence/1980-checkout-walk.mjs,eb58af92f38fb6eef971f3b0ec3119869255b709,preserve,
D:\1212\la-taba2-weekend-launch\.local\qa\checkout-walk2.mjs,3400,handoff/notebook-20261003-external-qa-evidence,docs/handoff/notebook-20261003/external/qa-evidence/1981-checkout-walk2.mjs,2a67735cb4ba19b57d7651846fece7d3c9fea7cd,preserve,
D:\1212\la-taba2-weekend-launch\.local\qa\editar.py,840,handoff/notebook-20261003-external-qa-evidence,docs/handoff/notebook-20261003/external/qa-evidence/1982-editar.py,e5428b292d8563022df5e888b47a919fd254805b,preserve,
D:\1212\la-taba2-weekend-launch\.local\qa\evidencia-final.mjs,3266,handoff/notebook-20261003-external-qa-evidence,docs/handoff/notebook-20261003/external/qa-evidence/1983-evidencia-final.mjs.redacted.txt,24c3b329980a4612615391e8ae4842d351641224,preserve_redacted,18
D:\1212\la-taba2-weekend-launch\.local\qa\home-fold.mjs,6616,handoff/notebook-20261003-external-catalog-frontend,docs/handoff/notebook-20261003/external/catalog-frontend/1984-home-fold.mjs,6fe756c685153a6c3860c64c29f9b2758cfca093,preserve,
D:\1212\la-taba2-weekend-launch\.local\qa\mapa-con-estilo.mjs,2464,handoff/notebook-20261003-external-qa-evidence,docs/handoff/notebook-20261003/external/qa-evidence/1985-mapa-con-estilo.mjs,fcb165fe59738adb8570e8a0a70816a8818bd10d,preserve,
D:\1212\la-taba2-weekend-launch\.local\qa\medir-hueco.mjs,2554,handoff/notebook-20261003-external-qa-evidence,docs/handoff/notebook-20261003/external/qa-evidence/1986-medir-hueco.mjs,f169d9744dce02a93453f5b80452124130f76cc6,preserve,
D:\1212\la-taba2-weekend-launch\.local\qa\medir-limpiar.mjs,1982,handoff/notebook-20261003-external-qa-evidence,docs/handoff/notebook-20261003/external/qa-evidence/1987-medir-limpiar.mjs,b1f2448fe38d50948ea3f00a8f694d08e5ee755e,preserve,
D:\1212\la-taba2-weekend-launch\.local\qa\panel-audit.mjs,2535,handoff/notebook-20261003-external-business-fiscal,docs/handoff/notebook-20261003/external/business-fiscal/1988-panel-audit.mjs,3317ff35220b55d47d8982c8c4266eaa6e218170,preserve,
D:\1212\la-taba2-weekend-launch\.local\qa\panel-audit2.mjs,1313,handoff/notebook-20261003-external-business-fiscal,docs/handoff/notebook-20261003/external/business-fiscal/1989-panel-audit2.mjs,d748b249d2ee5a4becad850174e5b642f1635c56,preserve,
D:\1212\la-taba2-weekend-launch\.local\qa\parche-pwa.py,8239,handoff/notebook-20261003-external-qa-evidence,docs/handoff/notebook-20261003/external/qa-evidence/1990-parche-pwa.py,9729e459cc5c4f343cd3f9335829e963fbe65ace,preserve,
D:\1212\la-taba2-weekend-launch\.local\qa\pr-body.md,3435,handoff/notebook-20261003-external-qa-evidence,docs/handoff/notebook-20261003/external/qa-evidence/1991-pr-body.md,e77245e3c71a1648bb386bfec7624ac24145a8ab,preserve,
D:\1212\la-taba2-weekend-launch\.local\qa\q.mjs,286,handoff/notebook-20261003-external-qa-evidence,docs/handoff/notebook-20261003/external/qa-evidence/1992-q.mjs,a643473f841605f9432db3667e133b8e0774bae7,preserve,
D:\1212\la-taba2-weekend-launch\.local\qa\sin-unpkg.mjs,4125,handoff/notebook-20261003-external-qa-evidence,docs/handoff/notebook-20261003/external/qa-evidence/1993-sin-unpkg.mjs,9d9ccae83955efeeee84c0df30705ac87636e7dc,preserve,
D:\1212\la-taba2-weekend-launch\.local\qa\stress-checkout.mjs,4362,handoff/notebook-20261003-external-qa-evidence,docs/handoff/notebook-20261003/external/qa-evidence/1994-stress-checkout.mjs,59b7a0f98996f07c203c6109dde223ab952fa1b1,preserve,
D:\1212\la-taba2-weekend-launch\.local\qa\stress-stock.mjs,3316,handoff/notebook-20261003-external-qa-evidence,docs/handoff/notebook-20261003/external/qa-evidence/1995-stress-stock.mjs,01ba7930e3ee9dda3e0b25932597d1814dfd7be2,preserve,
D:\1212\la-taba2-weekend-launch\.local\qa\ver-local-prod.mjs,3197,handoff/notebook-20261003-external-qa-evidence,docs/handoff/notebook-20261003/external/qa-evidence/1996-ver-local-prod.mjs.redacted.txt,2b6ad24c40db07dfaf4581cc07261f9f20e2b000,preserve_redacted,9
D:\1212\la-taba2-weekend-launch\.local\qa\ver-local.mjs,2783,handoff/notebook-20261003-external-qa-evidence,docs/handoff/notebook-20261003/external/qa-evidence/1997-ver-local.mjs,973f6f62a951239e18b1f58df09800ad854a8aa1,preserve,
D:\1212\la-taba2-weekend-launch\artifacts\production-sale-e2e\20260825-173224-75d6c37c\report.md,1647,handoff/notebook-20261003-external-backend-qa,docs/handoff/notebook-20261003/external/backend-qa/1998-report.md,ec3930a837b2022aeaa1e42c743d07023a136fc4,preserve,
D:\1212\la-taba2-weekend-launch\artifacts\production-sale-e2e\20260825-173824-9ec4a6f9\report.md,1488,handoff/notebook-20261003-external-backend-qa,docs/handoff/notebook-20261003/external/backend-qa/1999-report.md,7bc5ee6cb2f27c3e1559268fee2ee17a7fa01432,preserve,
D:\1212\worktrees\taba2-commercial-production-hardening\artifacts\ci\staging-mp-back\certificacion-chromium\certificacion-chromium.md,4323,handoff/notebook-20261003-external-backend-qa,docs/handoff/notebook-20261003/external/backend-qa/2000-certificacion-chromium.md,f16553a041de6ff9a56f23517de712b00c702b3b,preserve,
D:\1212\worktrees\taba2-commercial-production-hardening\artifacts\ci\staging-mp-back\certificacion-webkit\certificacion-webkit.md,4314,handoff/notebook-20261003-external-backend-qa,docs/handoff/notebook-20261003/external/backend-qa/2001-certificacion-webkit.md,e53de9035575dbd95492556936a4d3b45f90ae38,preserve,
D:\1212\worktrees\taba2-commercial-production-hardening\artifacts\ci\staging-v61\certificacion\certificacion-chromium.md,4324,handoff/notebook-20261003-external-backend-qa,docs/handoff/notebook-20261003/external/backend-qa/2003-certificacion-chromium.md,2ff1b7dc7319b8a800fc76825a10b2f4815fb1f8,preserve,
D:\1212\worktrees\taba2-commercial-production-hardening\artifacts\ci\staging-v61\certificacion\certificacion-webkit.md,4314,handoff/notebook-20261003-external-backend-qa,docs/handoff/notebook-20261003/external/backend-qa/2004-certificacion-webkit.md,18f682975cf2a765fa21cc3072cb7d4d7c0a6920,preserve,
D:\1212\worktrees\taba2-commercial-production-hardening\artifacts\taba2-commercial-audit\after\audit-chromium.md,2831,handoff/notebook-20261003-external-backend-qa,docs/handoff/notebook-20261003/external/backend-qa/2006-audit-chromium.md,06c90226736716b1badd1e7c2d09d906e3b73de4,preserve,
D:\1212\worktrees\taba2-commercial-production-hardening\artifacts\taba2-commercial-audit\responsive-after\responsive-chromium.md,1764,handoff/notebook-20261003-external-backend-qa,docs/handoff/notebook-20261003/external/backend-qa/2007-responsive-chromium.md,5629e352a009fb9533ddcc712b80d57694c9a74a,preserve,
D:\1212\worktrees\taba2-commercial-production-hardening\artifacts\taba2-commercial-audit\responsive-after\responsive-webkit.md,1764,handoff/notebook-20261003-external-backend-qa,docs/handoff/notebook-20261003/external/backend-qa/2008-responsive-webkit.md,5629e352a009fb9533ddcc712b80d57694c9a74a,preserve,
D:\1212\worktrees\taba2-commercial-production-hardening\artifacts\taba2-commercial-audit\responsive-base-eda13f8\responsive-chromium.md,1764,handoff/notebook-20261003-external-backend-qa,docs/handoff/notebook-20261003/external/backend-qa/2009-responsive-chromium.md,5629e352a009fb9533ddcc712b80d57694c9a74a,preserve,
D:\1212\worktrees\taba2-commercial-production-hardening\artifacts\taba2-commercial-audit\responsive-before\responsive-chromium.md,1764,handoff/notebook-20261003-external-backend-qa,docs/handoff/notebook-20261003/external/backend-qa/2010-responsive-chromium.md,5629e352a009fb9533ddcc712b80d57694c9a74a,preserve,
D:\1212\worktrees\taba2-commercial-production-hardening\artifacts\taba2-commercial-audit\responsive-integrado\responsive-chromium.md,1764,handoff/notebook-20261003-external-backend-qa,docs/handoff/notebook-20261003/external/backend-qa/2011-responsive-chromium.md,5629e352a009fb9533ddcc712b80d57694c9a74a,preserve,
D:\1212\worktrees\taba2-commercial-production-hardening\artifacts\taba2-commercial-audit\responsive-integrado\responsive-webkit.md,1764,handoff/notebook-20261003-external-backend-qa,docs/handoff/notebook-20261003/external/backend-qa/2012-responsive-webkit.md,5629e352a009fb9533ddcc712b80d57694c9a74a,preserve,
D:\1212\worktrees\taba2-live-schema-reconciliation\artifacts\ci\final-c58eac4\always-map-chromium\certificacion-chromium.md,4346,handoff/notebook-20261003-external-backend-qa,docs/handoff/notebook-20261003/external/backend-qa/2013-certificacion-chromium.md,23a764ebbdd14b3221b0d8e7165ce2384241ba9d,preserve,
D:\1212\worktrees\taba2-live-schema-reconciliation\artifacts\ci\final-c58eac4\always-map-webkit\certificacion-webkit.md,4335,handoff/notebook-20261003-external-backend-qa,docs/handoff/notebook-20261003/external/backend-qa/2014-certificacion-webkit.md,cb63c69cc3593242a542ffd234cef5fc9a21a63f,preserve,
D:\1212\worktrees\taba2-operational-resilience\artifacts\ci\salud\certificar-panel-salud.mjs,10468,handoff/notebook-20261003-external-business-fiscal,docs/handoff/notebook-20261003/external/business-fiscal/2015-certificar-panel-salud.mjs,e27a909a6b58410acb57e10dcd133c1d8f0fe602,preserve,
D:\1212\worktrees\taba2-operational-resilience\artifacts\ci\salud\certificar-sw-publico.mjs,4943,handoff/notebook-20261003-external-qa-evidence,docs/handoff/notebook-20261003/external/qa-evidence/2016-certificar-sw-publico.mjs,2ba29660c5cd6b2fd80e98c34bfc136e20a277d4,preserve,
D:\1212\worktrees\taba2-pilot-rc1\artifacts\ci\rc1\certificar-panel.mjs,7380,handoff/notebook-20261003-external-business-fiscal,docs/handoff/notebook-20261003/external/business-fiscal/2017-certificar-panel.mjs,cced9098c4f9dc3701297abf0ed767fc1186f732,preserve,
D:\1212\worktrees\taba2-pilot-rc1\artifacts\ci\rc1\fixtures-recovery.mjs,8681,handoff/notebook-20261003-external-qa-evidence,docs/handoff/notebook-20261003/external/qa-evidence/2018-fixtures-recovery.mjs,5256831c2bcc8e6c164bdfbeb836d049eef525ff,preserve,
D:\1212\worktrees\taba2-pilot-rc1\artifacts\ci\rc1\playwright.rc1.config.mjs,811,handoff/notebook-20261003-external-qa-evidence,docs/handoff/notebook-20261003/external/qa-evidence/2019-playwright.rc1.config.mjs,f7fb530154afe2650721004db50f323ece571beb,preserve,
D:\1212\worktrees\taba2-pilot-rc1\artifacts\ci\rc1\playwright.tracking-publico.config.mjs,927,handoff/notebook-20261003-external-rider,docs/handoff/notebook-20261003/external/rider/2020-playwright.tracking-publico.config.mjs,d5861462f28b9ca1496fb5ffc7682df1f7171cfb,preserve,
D:\1212\worktrees\taba2-pilot-rc1\artifacts\ci\rc1\probe-agregar-webkit.mjs,1789,handoff/notebook-20261003-external-qa-evidence,docs/handoff/notebook-20261003/external/qa-evidence/2021-probe-agregar-webkit.mjs,476c4ac2a2db1ae2d68308586b50548d11ef2997,preserve,
D:\1212\worktrees\taba2-pilot-rc1\artifacts\ci\rc1\probe-banner-webkit.mjs,1542,handoff/notebook-20261003-external-qa-evidence,docs/handoff/notebook-20261003/external/qa-evidence/2022-probe-banner-webkit.mjs,9ce42a384a7e224fe23b1dc603c0f334defd7f28,preserve,
D:\1212\worktrees\taba2-pilot-rc1\artifacts\ci\rc1\probe-banner.mjs,1737,handoff/notebook-20261003-external-qa-evidence,docs/handoff/notebook-20261003/external/qa-evidence/2023-probe-banner.mjs,089857d3bc0936c7f98e445089f626da6e55ca69,preserve,
D:\1212\worktrees\taba2-pilot-rc1\artifacts\ci\rc1\probe-banner2.mjs,2113,handoff/notebook-20261003-external-qa-evidence,docs/handoff/notebook-20261003/external/qa-evidence/2024-probe-banner2.mjs,d07990864508bcc4ea3f864fca8aa83e10bcc447,preserve,
D:\1212\worktrees\taba2-pilot-rc1\artifacts\ci\rc1\probe-carrito.mjs,2610,handoff/notebook-20261003-external-qa-evidence,docs/handoff/notebook-20261003/external/qa-evidence/2025-probe-carrito.mjs,ad6ea3cf124e7019b97190e42adbc64cdf9646fe,preserve,
D:\1212\worktrees\taba2-pilot-rc1\artifacts\ci\rc1\probe-catalogo.mjs,1117,handoff/notebook-20261003-external-catalog-frontend,docs/handoff/notebook-20261003/external/catalog-frontend/2026-probe-catalogo.mjs,afa01ec8a54290f3119a40d1f87f5f3f6fd2e3bd,preserve,
D:\1212\worktrees\taba2-pilot-rc1\artifacts\ci\rc1\probe-dom.mjs,1772,handoff/notebook-20261003-external-qa-evidence,docs/handoff/notebook-20261003/external/qa-evidence/2027-probe-dom.mjs,285aebbd6214dde4003bd28109a075ba03772acd,preserve,
D:\1212\worktrees\taba2-pilot-rc1\artifacts\ci\rc1\probe-pagos.mjs,2143,handoff/notebook-20261003-external-qa-evidence,docs/handoff/notebook-20261003/external/qa-evidence/2028-probe-pagos.mjs,e06ffe98e07f83b960b219b15d44f090e2065866,preserve,
D:\1212\worktrees\taba2-pilot-rc1\artifacts\ci\rc1\probe-panel.mjs,2792,handoff/notebook-20261003-external-business-fiscal,docs/handoff/notebook-20261003/external/business-fiscal/2029-probe-panel.mjs,10e212efffa6420cb892fce9b3fcd87ce9c95dae,preserve,
D:\1212\worktrees\taba2-pilot-rc1\artifacts\ci\rc1\probe-pedidos.mjs,1991,handoff/notebook-20261003-external-qa-evidence,docs/handoff/notebook-20261003/external/qa-evidence/2030-probe-pedidos.mjs,17254b2432aafc10d9fabc6331245c9cf4ce0753,preserve,
D:\1212\worktrees\taba2-pilot-rc1\artifacts\ci\rc1\sw-antes.mjs,2133,handoff/notebook-20261003-external-qa-evidence,docs/handoff/notebook-20261003/external/qa-evidence/2031-sw-antes.mjs,80ff78536abed7b5850b7024f6623d6608ecaf2f,preserve,
D:\1212\worktrees\taba2-pilot-rc1\artifacts\ci\rc1\sw-despues.mjs,3024,handoff/notebook-20261003-external-qa-evidence,docs/handoff/notebook-20261003/external/qa-evidence/2032-sw-despues.mjs,3fbc6d4363620174c415ebf6c074e7784ab93e7d,preserve,
D:\1212\worktrees\taba2-pilot-rc1\artifacts\ci\rc1\sw-dos-caminos.mjs,1525,handoff/notebook-20261003-external-qa-evidence,docs/handoff/notebook-20261003/external/qa-evidence/2033-sw-dos-caminos.mjs,fb3bf5deca5f318b2ba1e77d4e818fc6f106affb,preserve,
D:\1212\worktrees\taba2-pilot-rc1\artifacts\ci\rc1\sw-upgrade-real.mjs,3701,handoff/notebook-20261003-external-qa-evidence,docs/handoff/notebook-20261003/external/qa-evidence/2034-sw-upgrade-real.mjs,8461882b10910de5e28b579aa0552a00116f140f,preserve,
D:\1212\worktrees\taba2-pilot-rc1\artifacts\ci\rc1\verificar-351.mjs,1863,handoff/notebook-20261003-external-qa-evidence,docs/handoff/notebook-20261003/external/qa-evidence/2035-verificar-351.mjs,65a5919aa47521eca4466717aafb23c7ab8e34df,preserve,
D:\1212\worktrees\taba2-pilot-rc1\artifacts\ci\rc1\specs\cliente.spec.mjs,8583,handoff/notebook-20261003-external-qa-evidence,docs/handoff/notebook-20261003/external/qa-evidence/2036-cliente.spec.mjs,ed9e4f3dfde7d05e3449de2a9b9c11ea124582d7,preserve,
C:\1212\TABA_business_review.zip!styles/responsive.css,10701,handoff/notebook-20261003-archive-sources,docs/handoff/notebook-20261003/archive-sources/982a3236/styles/responsive.css,02fa5998038c535110c541bfb4994fdd4a14a02c,preserve,[]
C:\1212\TABA_para_revision.zip!backend/src/server.js,6562,handoff/notebook-20261003-archive-sources,docs/handoff/notebook-20261003/archive-sources/340ed109/backend/src/server.js,1ec43a3afb61a3552972d32181117c07de129293,preserve,[]
C:\1212\TABA_ultra_revision.zip!docs/visual-review/taba-ultra-ui-audit.md,8241,handoff/notebook-20261003-archive-sources,docs/handoff/notebook-20261003/archive-sources/2f9611e2/docs/visual-review/taba-ultra-ui-audit.md,0dde81f4cc0d3a42d6700ca69979adf621e72150,preserve,[]
C:\taba imagenes\taba-catalogo-bebidas-completo.zip!taba-catalogo-bebidas-completo/README.md,477,handoff/notebook-20261003-archive-sources,docs/handoff/notebook-20261003/archive-sources/5b3a0683/taba-catalogo-bebidas-completo/README.md,f0a3186f15d3dcea45a928b7c5f60d5b7aa8a6fa,preserve,[]
C:\taba imagenes\taba-catalogo-bebidas-completo.zip!taba-catalogo-bebidas-completo/implementation-notes.md,1407,handoff/notebook-20261003-archive-sources,docs/handoff/notebook-20261003/archive-sources/5b3a0683/taba-catalogo-bebidas-completo/implementation-notes.md,79cf184ccacab77f357a634354d5789422b4b999,preserve,[]
C:\taba imagenes\taba-catalogo-bebidas-completo.zip!taba-catalogo-bebidas-completo/reports/auditoria-final.md,1437,handoff/notebook-20261003-archive-sources,docs/handoff/notebook-20261003/archive-sources/5b3a0683/taba-catalogo-bebidas-completo/reports/auditoria-final.md,a5687b0b6787889878021d1da0b200eef3d7d413,preserve,[]
C:\taba imagenes\taba-catalogo-bebidas-completo.zip!taba-catalogo-bebidas-completo/reports/bebidas-pendientes.md,25385,handoff/notebook-20261003-archive-sources,docs/handoff/notebook-20261003/archive-sources/5b3a0683/taba-catalogo-bebidas-completo/reports/bebidas-pendientes.md,1191c6d879de156b276d88ab0b63d08a2c2b40a8,preserve,[]
C:\taba imagenes\taba-catalogo-bebidas-completo.zip!taba-catalogo-bebidas-completo/reports/derechos-imagenes.md,2348,handoff/notebook-20261003-archive-sources,docs/handoff/notebook-20261003/archive-sources/5b3a0683/taba-catalogo-bebidas-completo/reports/derechos-imagenes.md,3fe002e4223a9f5227a0537092830cc0e4673fbf,preserve,[]
C:\taba imagenes\taba-catalogo-bebidas-completo.zip!taba-catalogo-bebidas-completo/reports/inventario-bebidas-fotografias.md,9584,handoff/notebook-20261003-archive-sources,docs/handoff/notebook-20261003/archive-sources/5b3a0683/taba-catalogo-bebidas-completo/reports/inventario-bebidas-fotografias.md,4cbd2d819b7ff9a3d4c8fd6ab83cb57c31e40d09,preserve,[]
C:\taba imagenes\taba-catalogo-bebidas-completo.zip!taba-catalogo-bebidas-completo/reports/precios-y-fuentes.md,3302,handoff/notebook-20261003-archive-sources,docs/handoff/notebook-20261003/archive-sources/5b3a0683/taba-catalogo-bebidas-completo/reports/precios-y-fuentes.md,d421f211b3861433ec89741d9a0ce44cc52a5575,preserve,[]
C:\taba imagenes\taba-catalogo-bebidas-completo.zip!taba-catalogo-bebidas-completo/reports/validation-report.md,548,handoff/notebook-20261003-archive-sources,docs/handoff/notebook-20261003/archive-sources/5b3a0683/taba-catalogo-bebidas-completo/reports/validation-report.md,c99ab5db439f52201fb5c2bdae1686f5565d7110,preserve,[]
C:\Users\marco\Desktop\taba-mostador-patagonico-implementation-v1.zip!taba-mostador-patagonico-implementation-v1/VALIDATION.md,4859,handoff/notebook-20261003-archive-sources,docs/handoff/notebook-20261003/archive-sources/52d524e0/taba-mostador-patagonico-implementation-v1/VALIDATION.md,80854d2f77ddbbe1beee0350e6c79e8c46cb53f9,preserve,[]
C:\Users\marco\Desktop\taba-mostador-patagonico-implementation-v1.zip!taba-mostador-patagonico-implementation-v1/tools/business-probe.mjs,5234,handoff/notebook-20261003-archive-sources,docs/handoff/notebook-20261003/archive-sources/52d524e0/taba-mostador-patagonico-implementation-v1/tools/business-probe.mjs,ccbfea36fa9be5733e379ada381a13f18753ced0,preserve,[]
C:\Users\marco\Desktop\taba-mostador-patagonico-implementation-v1.zip!taba-mostador-patagonico-implementation-v1/tools/capture.mjs,8295,handoff/notebook-20261003-archive-sources,docs/handoff/notebook-20261003/archive-sources/52d524e0/taba-mostador-patagonico-implementation-v1/tools/capture.mjs,e61a4a6c9b9aad0f35ad220096dd59ae4b62a793,preserve,[]
C:\Users\marco\Desktop\taba-mostador-patagonico-implementation-v1.zip!taba-mostador-patagonico-implementation-v1/tools/probe.mjs,2338,handoff/notebook-20261003-archive-sources,docs/handoff/notebook-20261003/archive-sources/52d524e0/taba-mostador-patagonico-implementation-v1/tools/probe.mjs,a2d4ea9c1af29a052673e5ea92606110425edfc1,preserve,[]
C:\Users\marco\Desktop\taba-mostador-patagonico-visual-closure.zip!taba-mostador-patagonico-implementation-v1/VALIDATION.md,4859,handoff/notebook-20261003-archive-sources,docs/handoff/notebook-20261003/archive-sources/747e2c7a/taba-mostador-patagonico-implementation-v1/VALIDATION.md,80854d2f77ddbbe1beee0350e6c79e8c46cb53f9,preserve,[]
C:\Users\marco\Desktop\taba-mostador-patagonico-visual-closure.zip!taba-mostador-patagonico-implementation-v1/VISUAL_CLOSURE.md,6950,handoff/notebook-20261003-archive-sources,docs/handoff/notebook-20261003/archive-sources/747e2c7a/taba-mostador-patagonico-implementation-v1/VISUAL_CLOSURE.md,e5f15b4801870cd9949a7b2805e9b3313b6e5c47,preserve,[]
C:\Users\marco\Desktop\taba-mostador-patagonico-visual-closure.zip!taba-mostador-patagonico-implementation-v1/tools/business-probe.mjs,5234,handoff/notebook-20261003-archive-sources,docs/handoff/notebook-20261003/archive-sources/747e2c7a/taba-mostador-patagonico-implementation-v1/tools/business-probe.mjs,ccbfea36fa9be5733e379ada381a13f18753ced0,preserve,[]
C:\Users\marco\Desktop\taba-mostador-patagonico-visual-closure.zip!taba-mostador-patagonico-implementation-v1/tools/capture.mjs,13500,handoff/notebook-20261003-archive-sources,docs/handoff/notebook-20261003/archive-sources/747e2c7a/taba-mostador-patagonico-implementation-v1/tools/capture.mjs,1c7f10494b9e9e129d695fea385d6ae23fa9ccac,preserve,[]
C:\Users\marco\Desktop\taba-mostador-patagonico-visual-closure.zip!taba-mostador-patagonico-implementation-v1/tools/probe.mjs,2338,handoff/notebook-20261003-archive-sources,docs/handoff/notebook-20261003/archive-sources/747e2c7a/taba-mostador-patagonico-implementation-v1/tools/probe.mjs,a2d4ea9c1af29a052673e5ea92606110425edfc1,preserve,[]
C:\Users\marco\Desktop\taba-opus-design-review-2026-07-31.zip!2026-07-31/README.md,5709,handoff/notebook-20261003-archive-sources,docs/handoff/notebook-20261003/archive-sources/0da93654/2026-07-31/README.md,d4307b9bfe2a17aaffa67ebee2d1e64509ee94c6,preserve,[]
C:\Users\marco\Desktop\taba-opus-design-review-2026-07-31.zip!2026-07-31/assets/ASSET_SOURCES.md,4673,handoff/notebook-20261003-archive-sources,docs/handoff/notebook-20261003/archive-sources/0da93654/2026-07-31/assets/ASSET_SOURCES.md,ef79b5e8a6a77cc838c78e39255a62e7c8890fa1,preserve,[]
C:\Users\marco\Desktop\taba-opus-design-review-2026-07-31.zip!2026-07-31/audit/COMPONENT_INVENTORY.md,9452,handoff/notebook-20261003-archive-sources,docs/handoff/notebook-20261003/archive-sources/0da93654/2026-07-31/audit/COMPONENT_INVENTORY.md,421a9adf54edd80bf1c0827eebbd44370f28fe2b,preserve,[]
C:\Users\marco\Desktop\taba-opus-design-review-2026-07-31.zip!2026-07-31/audit/CSS_RISK_MAP.md,9644,handoff/notebook-20261003-archive-sources,docs/handoff/notebook-20261003/archive-sources/0da93654/2026-07-31/audit/CSS_RISK_MAP.md,8d9b4a796a9b433b43b607b2dbfd5b1f78bded3a,preserve,[]
C:\Users\marco\Desktop\taba-opus-design-review-2026-07-31.zip!2026-07-31/audit/DESIGN_AUDIT.md,27360,handoff/notebook-20261003-archive-sources,docs/handoff/notebook-20261003/archive-sources/0da93654/2026-07-31/audit/DESIGN_AUDIT.md,e91cf3ba6f508e1b242b02822ea7b414ab9e3294,preserve,[]
C:\Users\marco\Desktop\taba-opus-design-review-2026-07-31.zip!2026-07-31/business/BUSINESS_DESKTOP_SPEC.md,7864,handoff/notebook-20261003-archive-sources,docs/handoff/notebook-20261003/archive-sources/0da93654/2026-07-31/business/BUSINESS_DESKTOP_SPEC.md,98dc7a569b169461920fcaae61a89a7f6d331319,preserve,[]
C:\Users\marco\Desktop\taba-opus-design-review-2026-07-31.zip!2026-07-31/business/BUSINESS_MOBILE_SPEC.md,9311,handoff/notebook-20261003-archive-sources,docs/handoff/notebook-20261003/archive-sources/0da93654/2026-07-31/business/BUSINESS_MOBILE_SPEC.md,78461152f50037176144865b1dc4faa66e4cf0d6,preserve,[]
C:\Users\marco\Desktop\taba-opus-design-review-2026-07-31.zip!2026-07-31/catalog/CATALOG_DESKTOP_SPEC.md,6478,handoff/notebook-20261003-archive-sources,docs/handoff/notebook-20261003/archive-sources/0da93654/2026-07-31/catalog/CATALOG_DESKTOP_SPEC.md,02467fd416840f8a9dc587834670c91cae8fe6bb,preserve,[]
C:\Users\marco\Desktop\taba-opus-design-review-2026-07-31.zip!2026-07-31/catalog/CATALOG_MOBILE_SPEC.md,10876,handoff/notebook-20261003-archive-sources,docs/handoff/notebook-20261003/archive-sources/0da93654/2026-07-31/catalog/CATALOG_MOBILE_SPEC.md,7b0e1d2992faa817b8308f30c493345c45173cc3,preserve,[]
C:\Users\marco\Desktop\taba-opus-design-review-2026-07-31.zip!2026-07-31/design-system/ACCESSIBILITY.md,8030,handoff/notebook-20261003-archive-sources,docs/handoff/notebook-20261003/archive-sources/0da93654/2026-07-31/design-system/ACCESSIBILITY.md,67a844fc98f56e98fe91d7eda701991edb57263f,preserve,[]
C:\Users\marco\Desktop\taba-opus-design-review-2026-07-31.zip!2026-07-31/design-system/COMPONENT_RULES.md,8378,handoff/notebook-20261003-archive-sources,docs/handoff/notebook-20261003/archive-sources/0da93654/2026-07-31/design-system/COMPONENT_RULES.md,58161646c0f3bb1e93301384b3a2507a38a54ab8,preserve,[]
C:\Users\marco\Desktop\taba-opus-design-review-2026-07-31.zip!2026-07-31/design-system/CROSS_PRODUCT_CONSISTENCY.md,7628,handoff/notebook-20261003-archive-sources,docs/handoff/notebook-20261003/archive-sources/0da93654/2026-07-31/design-system/CROSS_PRODUCT_CONSISTENCY.md,5f9b1143e3120ae00b7b93f031100770567172b4,preserve,[]
C:\Users\marco\Desktop\taba-opus-design-review-2026-07-31.zip!2026-07-31/design-system/DESIGN_DIRECTION.md,6639,handoff/notebook-20261003-archive-sources,docs/handoff/notebook-20261003/archive-sources/0da93654/2026-07-31/design-system/DESIGN_DIRECTION.md,4f896612189f9bf7369eccdd4da8f2c47b72caad,preserve,[]
C:\Users\marco\Desktop\taba-opus-design-review-2026-07-31.zip!2026-07-31/design-system/taba-tokens.css,6339,handoff/notebook-20261003-archive-sources,docs/handoff/notebook-20261003/archive-sources/0da93654/2026-07-31/design-system/taba-tokens.css,0f338367f336760c1cbe84273027b6703f789fd0,preserve,[]
C:\Users\marco\Desktop\taba-opus-design-review-2026-07-31.zip!2026-07-31/design-system/TOKENS.md,11588,handoff/notebook-20261003-archive-sources,docs/handoff/notebook-20261003/archive-sources/0da93654/2026-07-31/design-system/TOKENS.md,ebd8ee88eb8e0e992c854599b539ef38c03099b0,preserve,[]
C:\Users\marco\Desktop\taba-opus-design-review-2026-07-31.zip!2026-07-31/diagnostics/capture.mjs,11118,handoff/notebook-20261003-archive-sources,docs/handoff/notebook-20261003/archive-sources/0da93654/2026-07-31/diagnostics/capture.mjs,0aa928afda71ffbd27f902bae3395f0b65836599,preserve,[]
C:\Users\marco\Desktop\taba-opus-design-review-2026-07-31.zip!2026-07-31/diagnostics/PROTOTYPE_VALIDATION.md,8014,handoff/notebook-20261003-archive-sources,docs/handoff/notebook-20261003/archive-sources/0da93654/2026-07-31/diagnostics/PROTOTYPE_VALIDATION.md,f3f1e68dc6d04831b5b553f39902a4dbb8342618,preserve,[]
C:\Users\marco\Desktop\taba-opus-design-review-2026-07-31.zip!2026-07-31/diagnostics/validate.mjs,6661,handoff/notebook-20261003-archive-sources,docs/handoff/notebook-20261003/archive-sources/0da93654/2026-07-31/diagnostics/validate.mjs,2264c4c8134c8a96c7a75c093c1383455a6db9c0,preserve,[]
C:\Users\marco\Desktop\taba-opus-design-review-2026-07-31.zip!2026-07-31/implementation/COMMIT_PLAN.md,5844,handoff/notebook-20261003-archive-sources,docs/handoff/notebook-20261003/archive-sources/0da93654/2026-07-31/implementation/COMMIT_PLAN.md,636bf517ee43e086354112b3d48018d060473ff1,preserve,[]
C:\Users\marco\Desktop\taba-opus-design-review-2026-07-31.zip!2026-07-31/implementation/COMPONENT_PLAN.md,4099,handoff/notebook-20261003-archive-sources,docs/handoff/notebook-20261003/archive-sources/0da93654/2026-07-31/implementation/COMPONENT_PLAN.md,df51ecb6f3c78296bbac4c5237b277468835ff5b,preserve,[]
C:\Users\marco\Desktop\taba-opus-design-review-2026-07-31.zip!2026-07-31/implementation/DEPENDENCY_GRAPH.md,8121,handoff/notebook-20261003-archive-sources,docs/handoff/notebook-20261003/archive-sources/0da93654/2026-07-31/implementation/DEPENDENCY_GRAPH.md,756a7de67e68f97f4847089cbb0793b5dca44535,preserve,[]
C:\Users\marco\Desktop\taba-opus-design-review-2026-07-31.zip!2026-07-31/implementation/FILE_CHANGE_MAP.md,11026,handoff/notebook-20261003-archive-sources,docs/handoff/notebook-20261003/archive-sources/0da93654/2026-07-31/implementation/FILE_CHANGE_MAP.md,449df8e71583d479f6a1b81484d59c6d7d99b8d6,preserve,[]
C:\Users\marco\Desktop\taba-opus-design-review-2026-07-31.zip!2026-07-31/implementation/IMPLEMENTATION_PLAN.md,6435,handoff/notebook-20261003-archive-sources,docs/handoff/notebook-20261003/archive-sources/0da93654/2026-07-31/implementation/IMPLEMENTATION_PLAN.md,40e3e72845e370d37c3b301468c9bc3abb85cf6e,preserve,[]
C:\Users\marco\Desktop\taba-opus-design-review-2026-07-31.zip!2026-07-31/implementation/REGRESSION_RISKS.md,6221,handoff/notebook-20261003-archive-sources,docs/handoff/notebook-20261003/archive-sources/0da93654/2026-07-31/implementation/REGRESSION_RISKS.md,59f829091f4e094f80ffbe18553e8357f03e6582,preserve,[]
C:\Users\marco\Desktop\taba-opus-design-review-2026-07-31.zip!2026-07-31/implementation/RISK_REGISTER.md,5847,handoff/notebook-20261003-archive-sources,docs/handoff/notebook-20261003/archive-sources/0da93654/2026-07-31/implementation/RISK_REGISTER.md,71b794514db6ddbaa5921eef496703a28c488131,preserve,[]
C:\Users\marco\Desktop\taba-opus-design-review-2026-07-31.zip!2026-07-31/implementation/TEST_PLAN.md,5276,handoff/notebook-20261003-archive-sources,docs/handoff/notebook-20261003/archive-sources/0da93654/2026-07-31/implementation/TEST_PLAN.md,1d6be9799b2ed281f7355ff2b8660620dcb306f6,preserve,[]
C:\Users\marco\Desktop\taba-opus-design-review-2026-07-31.zip!2026-07-31/prototypes/proto-shared.css,24432,handoff/notebook-20261003-archive-sources,docs/handoff/notebook-20261003/archive-sources/0da93654/2026-07-31/prototypes/proto-shared.css,b7a53e4156c2fcb981b4d7e9c4061f62237c742b,preserve,[]
C:\Users\marco\Desktop\taba-opus-design-review-2026-07-31.zip!2026-07-31/prototypes/prototype-business-desktop.html,27227,handoff/notebook-20261003-archive-sources,docs/handoff/notebook-20261003/archive-sources/0da93654/2026-07-31/prototypes/prototype-business-desktop.html,caf6d5a96ff2360b4da863343dc0f7478c7b31c5,preserve,[]
C:\Users\marco\Desktop\taba-opus-design-review-2026-07-31.zip!2026-07-31/prototypes/prototype-business-mobile.html,31360,handoff/notebook-20261003-archive-sources,docs/handoff/notebook-20261003/archive-sources/0da93654/2026-07-31/prototypes/prototype-business-mobile.html,54c86ef66a7e2a21af01a0baed895e6a2846a0db,preserve,[]
C:\Users\marco\Desktop\taba-opus-design-review-2026-07-31.zip!2026-07-31/prototypes/prototype-catalog-desktop.html,26269,handoff/notebook-20261003-archive-sources,docs/handoff/notebook-20261003/archive-sources/0da93654/2026-07-31/prototypes/prototype-catalog-desktop.html,fab230f77502f050822ca5a28bdf274cf4727054,preserve,[]
C:\Users\marco\Desktop\taba-opus-design-review-2026-07-31.zip!2026-07-31/prototypes/prototype-catalog-mobile.html,31018,handoff/notebook-20261003-archive-sources,docs/handoff/notebook-20261003/archive-sources/0da93654/2026-07-31/prototypes/prototype-catalog-mobile.html,935692b3e53cfb6f7033dccd46a7b54369e36112,preserve,[]
C:\Users\marco\Desktop\taba-opus-design-review-2026-07-31.zip!2026-07-31/prototypes/prototype-rider-android.html,33132,handoff/notebook-20261003-archive-sources,docs/handoff/notebook-20261003/archive-sources/0da93654/2026-07-31/prototypes/prototype-rider-android.html,ebc952f0f002e2d23aca1ba0f9ec2831eecc842c,preserve,[]
C:\Users\marco\Desktop\taba-opus-design-review-2026-07-31.zip!2026-07-31/rider-android/RIDER_ANDROID_ARCHITECTURE.md,9032,handoff/notebook-20261003-archive-sources,docs/handoff/notebook-20261003/archive-sources/0da93654/2026-07-31/rider-android/RIDER_ANDROID_ARCHITECTURE.md,116ade86d648c6f1704fdad835da41a8b7560c4f,preserve,[]
C:\Users\marco\Desktop\taba-opus-design-review-2026-07-31.zip!2026-07-31/rider-android/RIDER_ANDROID_BACKEND_CONTRACT.md,6712,handoff/notebook-20261003-archive-sources,docs/handoff/notebook-20261003/archive-sources/0da93654/2026-07-31/rider-android/RIDER_ANDROID_BACKEND_CONTRACT.md,11611218ceaf6df5f0aba6aaa33a7b40c8a55895,preserve,[]
C:\Users\marco\Desktop\taba-opus-design-review-2026-07-31.zip!2026-07-31/rider-android/RIDER_ANDROID_LOCATION_STRATEGY.md,5198,handoff/notebook-20261003-archive-sources,docs/handoff/notebook-20261003/archive-sources/0da93654/2026-07-31/rider-android/RIDER_ANDROID_LOCATION_STRATEGY.md,103abd8bf6b2a9ec7ddf42238944e734d83f2d5c,preserve,[]
C:\Users\marco\Desktop\taba-opus-design-review-2026-07-31.zip!2026-07-31/rider-android/RIDER_ANDROID_MIGRATION_PLAN.md,5273,handoff/notebook-20261003-archive-sources,docs/handoff/notebook-20261003/archive-sources/0da93654/2026-07-31/rider-android/RIDER_ANDROID_MIGRATION_PLAN.md,8df4aa34024e935273834e3243824e95e2f20729,preserve,[]
C:\Users\marco\Desktop\taba-opus-design-review-2026-07-31.zip!2026-07-31/rider-android/RIDER_ANDROID_NOTIFICATIONS.md,2970,handoff/notebook-20261003-archive-sources,docs/handoff/notebook-20261003/archive-sources/0da93654/2026-07-31/rider-android/RIDER_ANDROID_NOTIFICATIONS.md,533679a744ed3b66c3b3d899a7dd775862e1ee84,preserve,[]
C:\Users\marco\Desktop\taba-opus-design-review-2026-07-31.zip!2026-07-31/rider-android/RIDER_ANDROID_OBSERVABILITY.md,3289,handoff/notebook-20261003-archive-sources,docs/handoff/notebook-20261003/archive-sources/0da93654/2026-07-31/rider-android/RIDER_ANDROID_OBSERVABILITY.md,533fade9d528fdaf9beae507eef8c8baef460aed,preserve,[]
C:\Users\marco\Desktop\taba-opus-design-review-2026-07-31.zip!2026-07-31/rider-android/RIDER_ANDROID_OFFLINE_STRATEGY.md,6863,handoff/notebook-20261003-archive-sources,docs/handoff/notebook-20261003/archive-sources/0da93654/2026-07-31/rider-android/RIDER_ANDROID_OFFLINE_STRATEGY.md,930071ad00f8a99aa524652cae05ff254389e7ac,preserve,[]
C:\Users\marco\Desktop\taba-opus-design-review-2026-07-31.zip!2026-07-31/rider-android/RIDER_ANDROID_PERMISSIONS.md,3642,handoff/notebook-20261003-archive-sources,docs/handoff/notebook-20261003/archive-sources/0da93654/2026-07-31/rider-android/RIDER_ANDROID_PERMISSIONS.md,5888282b53f94051ec750c056c77685f3254da13,preserve,[]
C:\Users\marco\Desktop\taba-opus-design-review-2026-07-31.zip!2026-07-31/rider-android/RIDER_ANDROID_PRODUCT_SPEC.md,6277,handoff/notebook-20261003-archive-sources,docs/handoff/notebook-20261003/archive-sources/0da93654/2026-07-31/rider-android/RIDER_ANDROID_PRODUCT_SPEC.md,ede7a2c42b10a74a42123cc867bf7eaef85774f1,preserve,[]
C:\Users\marco\Desktop\taba-opus-design-review-2026-07-31.zip!2026-07-31/rider-android/RIDER_ANDROID_RISK_REGISTER.md,5947,handoff/notebook-20261003-archive-sources,docs/handoff/notebook-20261003/archive-sources/0da93654/2026-07-31/rider-android/RIDER_ANDROID_RISK_REGISTER.md,d74fcbc3d737cf2e793a90a91c11efd3bd6988f7,preserve,[]
C:\Users\marco\Desktop\taba-opus-design-review-2026-07-31.zip!2026-07-31/rider-android/RIDER_ANDROID_SECURITY.md,6225,handoff/notebook-20261003-archive-sources,docs/handoff/notebook-20261003/archive-sources/0da93654/2026-07-31/rider-android/RIDER_ANDROID_SECURITY.md,1d98689536c787b30f95a14e88c285a20241c40a,preserve,[]
C:\Users\marco\Desktop\taba-opus-design-review-2026-07-31.zip!2026-07-31/rider-android/RIDER_ANDROID_STATE_MACHINE.md,6555,handoff/notebook-20261003-archive-sources,docs/handoff/notebook-20261003/archive-sources/0da93654/2026-07-31/rider-android/RIDER_ANDROID_STATE_MACHINE.md,807805055eb708a5b9ceb8939387c5a655706465,preserve,[]
C:\Users\marco\Desktop\taba-opus-design-review-2026-07-31.zip!2026-07-31/rider-android/RIDER_ANDROID_TEST_PLAN.md,6290,handoff/notebook-20261003-archive-sources,docs/handoff/notebook-20261003/archive-sources/0da93654/2026-07-31/rider-android/RIDER_ANDROID_TEST_PLAN.md,caf0ddcd0e5c15c5a659de217af4fadce72b8852,preserve,[]
C:\Users\marco\Desktop\taba-opus-design-review-2026-07-31.zip!2026-07-31/rider-android/RIDER_ANDROID_UX_SPEC.md,7610,handoff/notebook-20261003-archive-sources,docs/handoff/notebook-20261003/archive-sources/0da93654/2026-07-31/rider-android/RIDER_ANDROID_UX_SPEC.md,5a72150ade991a68cc1bf7aa95bf3cc5eb540641,preserve,[]
C:\Users\marco\Desktop\taba-opus-design-review-2026-07-31.zip!2026-07-31/screenshots/BEFORE_AFTER_BOARD.html,17263,handoff/notebook-20261003-archive-sources,docs/handoff/notebook-20261003/archive-sources/0da93654/2026-07-31/screenshots/BEFORE_AFTER_BOARD.html,f668e35025e57dd1ee693c481456fbc0543bfdf0,preserve,[]
D:\1212\taba2-p0-runtime-certification\timeout-demo-realtime-chromium-trace.zip!resources/7e27dfc94a21ae609f5bc4d533db4f60fc989dd8.css,70024,handoff/notebook-20261003-archive-sources,docs/handoff/notebook-20261003/archive-sources/cc5427e0/resources/7e27dfc94a21ae609f5bc4d533db4f60fc989dd8.css,6b4bfda742afff685002a0aad0c1fcaaa966296b,preserve,[]
